"","FeatureId","IsTimeDomain","IsFrequencyDomain","IsAccelerometer","IsGyroscope","IsBody","IsGravity","IsJerk","IsMagnitute","Coordinates","VariableName","VariableDescription","OriginalName","ReadableName"
"1",1,TRUE,NA,TRUE,NA,TRUE,NA,NA,NA,"X","mean","Mean value","tBodyAcc-mean()-X","TimeDomainBodyAcceleration.mean.X"
"2",2,TRUE,NA,TRUE,NA,TRUE,NA,NA,NA,"Y","mean","Mean value","tBodyAcc-mean()-Y","TimeDomainBodyAcceleration.mean.Y"
"3",3,TRUE,NA,TRUE,NA,TRUE,NA,NA,NA,"Z","mean","Mean value","tBodyAcc-mean()-Z","TimeDomainBodyAcceleration.mean.Z"
"4",4,TRUE,NA,TRUE,NA,TRUE,NA,NA,NA,"X","std","Standard deviation","tBodyAcc-std()-X","TimeDomainBodyAcceleration.std.X"
"5",5,TRUE,NA,TRUE,NA,TRUE,NA,NA,NA,"Y","std","Standard deviation","tBodyAcc-std()-Y","TimeDomainBodyAcceleration.std.Y"
"6",6,TRUE,NA,TRUE,NA,TRUE,NA,NA,NA,"Z","std","Standard deviation","tBodyAcc-std()-Z","TimeDomainBodyAcceleration.std.Z"
"7",7,TRUE,NA,TRUE,NA,TRUE,NA,NA,NA,"X","mad","Median absolute deviation ","tBodyAcc-mad()-X","TimeDomainBodyAcceleration.mad.X"
"8",8,TRUE,NA,TRUE,NA,TRUE,NA,NA,NA,"Y","mad","Median absolute deviation ","tBodyAcc-mad()-Y","TimeDomainBodyAcceleration.mad.Y"
"9",9,TRUE,NA,TRUE,NA,TRUE,NA,NA,NA,"Z","mad","Median absolute deviation ","tBodyAcc-mad()-Z","TimeDomainBodyAcceleration.mad.Z"
"10",10,TRUE,NA,TRUE,NA,TRUE,NA,NA,NA,"X","max","Largest value in array","tBodyAcc-max()-X","TimeDomainBodyAcceleration.max.X"
"11",11,TRUE,NA,TRUE,NA,TRUE,NA,NA,NA,"Y","max","Largest value in array","tBodyAcc-max()-Y","TimeDomainBodyAcceleration.max.Y"
"12",12,TRUE,NA,TRUE,NA,TRUE,NA,NA,NA,"Z","max","Largest value in array","tBodyAcc-max()-Z","TimeDomainBodyAcceleration.max.Z"
"13",13,TRUE,NA,TRUE,NA,TRUE,NA,NA,NA,"X","min","Smallest value in array","tBodyAcc-min()-X","TimeDomainBodyAcceleration.min.X"
"14",14,TRUE,NA,TRUE,NA,TRUE,NA,NA,NA,"Y","min","Smallest value in array","tBodyAcc-min()-Y","TimeDomainBodyAcceleration.min.Y"
"15",15,TRUE,NA,TRUE,NA,TRUE,NA,NA,NA,"Z","min","Smallest value in array","tBodyAcc-min()-Z","TimeDomainBodyAcceleration.min.Z"
"16",16,TRUE,NA,TRUE,NA,TRUE,NA,NA,NA,NA,"sma","Signal magnitude area","tBodyAcc-sma()","TimeDomainBodyAcceleration.sma"
"17",17,TRUE,NA,TRUE,NA,TRUE,NA,NA,NA,"X",NA,NA,"tBodyAcc-energy()-X","TimeDomainBodyAcceleration.energy.X"
"18",18,TRUE,NA,TRUE,NA,TRUE,NA,NA,NA,"Y",NA,NA,"tBodyAcc-energy()-Y","TimeDomainBodyAcceleration.energy.Y"
"19",19,TRUE,NA,TRUE,NA,TRUE,NA,NA,NA,"Z",NA,NA,"tBodyAcc-energy()-Z","TimeDomainBodyAcceleration.energy.Z"
"20",20,TRUE,NA,TRUE,NA,TRUE,NA,NA,NA,"X","iqr","Interquartile range ","tBodyAcc-iqr()-X","TimeDomainBodyAcceleration.iqr.X"
"21",21,TRUE,NA,TRUE,NA,TRUE,NA,NA,NA,"Y","iqr","Interquartile range ","tBodyAcc-iqr()-Y","TimeDomainBodyAcceleration.iqr.Y"
"22",22,TRUE,NA,TRUE,NA,TRUE,NA,NA,NA,"Z","iqr","Interquartile range ","tBodyAcc-iqr()-Z","TimeDomainBodyAcceleration.iqr.Z"
"23",23,TRUE,NA,TRUE,NA,TRUE,NA,NA,NA,"X","entropy","Signal entropy","tBodyAcc-entropy()-X","TimeDomainBodyAcceleration.entropy.X"
"24",24,TRUE,NA,TRUE,NA,TRUE,NA,NA,NA,"Y","entropy","Signal entropy","tBodyAcc-entropy()-Y","TimeDomainBodyAcceleration.entropy.Y"
"25",25,TRUE,NA,TRUE,NA,TRUE,NA,NA,NA,"Z","entropy","Signal entropy","tBodyAcc-entropy()-Z","TimeDomainBodyAcceleration.entropy.Z"
"26",26,TRUE,NA,TRUE,NA,TRUE,NA,NA,NA,"X,1","arCoeff","Autorregresion coefficients with Burg order equal to 4","tBodyAcc-arCoeff()-X,1","TimeDomainBodyAcceleration.arCoeff.Xx1"
"27",27,TRUE,NA,TRUE,NA,TRUE,NA,NA,NA,"X,2","arCoeff","Autorregresion coefficients with Burg order equal to 4","tBodyAcc-arCoeff()-X,2","TimeDomainBodyAcceleration.arCoeff.Xx2"
"28",28,TRUE,NA,TRUE,NA,TRUE,NA,NA,NA,"X,3","arCoeff","Autorregresion coefficients with Burg order equal to 4","tBodyAcc-arCoeff()-X,3","TimeDomainBodyAcceleration.arCoeff.Xx3"
"29",29,TRUE,NA,TRUE,NA,TRUE,NA,NA,NA,"X,4","arCoeff","Autorregresion coefficients with Burg order equal to 4","tBodyAcc-arCoeff()-X,4","TimeDomainBodyAcceleration.arCoeff.Xx4"
"30",30,TRUE,NA,TRUE,NA,TRUE,NA,NA,NA,"Y,1","arCoeff","Autorregresion coefficients with Burg order equal to 4","tBodyAcc-arCoeff()-Y,1","TimeDomainBodyAcceleration.arCoeff.Yx1"
"31",31,TRUE,NA,TRUE,NA,TRUE,NA,NA,NA,"Y,2","arCoeff","Autorregresion coefficients with Burg order equal to 4","tBodyAcc-arCoeff()-Y,2","TimeDomainBodyAcceleration.arCoeff.Yx2"
"32",32,TRUE,NA,TRUE,NA,TRUE,NA,NA,NA,"Y,3","arCoeff","Autorregresion coefficients with Burg order equal to 4","tBodyAcc-arCoeff()-Y,3","TimeDomainBodyAcceleration.arCoeff.Yx3"
"33",33,TRUE,NA,TRUE,NA,TRUE,NA,NA,NA,"Y,4","arCoeff","Autorregresion coefficients with Burg order equal to 4","tBodyAcc-arCoeff()-Y,4","TimeDomainBodyAcceleration.arCoeff.Yx4"
"34",34,TRUE,NA,TRUE,NA,TRUE,NA,NA,NA,"Z,1","arCoeff","Autorregresion coefficients with Burg order equal to 4","tBodyAcc-arCoeff()-Z,1","TimeDomainBodyAcceleration.arCoeff.Zx1"
"35",35,TRUE,NA,TRUE,NA,TRUE,NA,NA,NA,"Z,2","arCoeff","Autorregresion coefficients with Burg order equal to 4","tBodyAcc-arCoeff()-Z,2","TimeDomainBodyAcceleration.arCoeff.Zx2"
"36",36,TRUE,NA,TRUE,NA,TRUE,NA,NA,NA,"Z,3","arCoeff","Autorregresion coefficients with Burg order equal to 4","tBodyAcc-arCoeff()-Z,3","TimeDomainBodyAcceleration.arCoeff.Zx3"
"37",37,TRUE,NA,TRUE,NA,TRUE,NA,NA,NA,"Z,4","arCoeff","Autorregresion coefficients with Burg order equal to 4","tBodyAcc-arCoeff()-Z,4","TimeDomainBodyAcceleration.arCoeff.Zx4"
"38",38,TRUE,NA,TRUE,NA,TRUE,NA,NA,NA,"X,Y","correlation","correlation coefficient between two signals","tBodyAcc-correlation()-X,Y","TimeDomainBodyAcceleration.correlation.XxY"
"39",39,TRUE,NA,TRUE,NA,TRUE,NA,NA,NA,"X,Z","correlation","correlation coefficient between two signals","tBodyAcc-correlation()-X,Z","TimeDomainBodyAcceleration.correlation.XxZ"
"40",40,TRUE,NA,TRUE,NA,TRUE,NA,NA,NA,"Y,Z","correlation","correlation coefficient between two signals","tBodyAcc-correlation()-Y,Z","TimeDomainBodyAcceleration.correlation.YxZ"
"41",41,TRUE,NA,TRUE,NA,NA,TRUE,NA,NA,"X","mean","Mean value","tGravityAcc-mean()-X","TimeDomainGravityAcceleration.mean.X"
"42",42,TRUE,NA,TRUE,NA,NA,TRUE,NA,NA,"Y","mean","Mean value","tGravityAcc-mean()-Y","TimeDomainGravityAcceleration.mean.Y"
"43",43,TRUE,NA,TRUE,NA,NA,TRUE,NA,NA,"Z","mean","Mean value","tGravityAcc-mean()-Z","TimeDomainGravityAcceleration.mean.Z"
"44",44,TRUE,NA,TRUE,NA,NA,TRUE,NA,NA,"X","std","Standard deviation","tGravityAcc-std()-X","TimeDomainGravityAcceleration.std.X"
"45",45,TRUE,NA,TRUE,NA,NA,TRUE,NA,NA,"Y","std","Standard deviation","tGravityAcc-std()-Y","TimeDomainGravityAcceleration.std.Y"
"46",46,TRUE,NA,TRUE,NA,NA,TRUE,NA,NA,"Z","std","Standard deviation","tGravityAcc-std()-Z","TimeDomainGravityAcceleration.std.Z"
"47",47,TRUE,NA,TRUE,NA,NA,TRUE,NA,NA,"X","mad","Median absolute deviation ","tGravityAcc-mad()-X","TimeDomainGravityAcceleration.mad.X"
"48",48,TRUE,NA,TRUE,NA,NA,TRUE,NA,NA,"Y","mad","Median absolute deviation ","tGravityAcc-mad()-Y","TimeDomainGravityAcceleration.mad.Y"
"49",49,TRUE,NA,TRUE,NA,NA,TRUE,NA,NA,"Z","mad","Median absolute deviation ","tGravityAcc-mad()-Z","TimeDomainGravityAcceleration.mad.Z"
"50",50,TRUE,NA,TRUE,NA,NA,TRUE,NA,NA,"X","max","Largest value in array","tGravityAcc-max()-X","TimeDomainGravityAcceleration.max.X"
"51",51,TRUE,NA,TRUE,NA,NA,TRUE,NA,NA,"Y","max","Largest value in array","tGravityAcc-max()-Y","TimeDomainGravityAcceleration.max.Y"
"52",52,TRUE,NA,TRUE,NA,NA,TRUE,NA,NA,"Z","max","Largest value in array","tGravityAcc-max()-Z","TimeDomainGravityAcceleration.max.Z"
"53",53,TRUE,NA,TRUE,NA,NA,TRUE,NA,NA,"X","min","Smallest value in array","tGravityAcc-min()-X","TimeDomainGravityAcceleration.min.X"
"54",54,TRUE,NA,TRUE,NA,NA,TRUE,NA,NA,"Y","min","Smallest value in array","tGravityAcc-min()-Y","TimeDomainGravityAcceleration.min.Y"
"55",55,TRUE,NA,TRUE,NA,NA,TRUE,NA,NA,"Z","min","Smallest value in array","tGravityAcc-min()-Z","TimeDomainGravityAcceleration.min.Z"
"56",56,TRUE,NA,TRUE,NA,NA,TRUE,NA,NA,NA,"sma","Signal magnitude area","tGravityAcc-sma()","TimeDomainGravityAcceleration.sma"
"57",57,TRUE,NA,TRUE,NA,NA,TRUE,NA,NA,"X",NA,NA,"tGravityAcc-energy()-X","TimeDomainGravityAcceleration.energy.X"
"58",58,TRUE,NA,TRUE,NA,NA,TRUE,NA,NA,"Y",NA,NA,"tGravityAcc-energy()-Y","TimeDomainGravityAcceleration.energy.Y"
"59",59,TRUE,NA,TRUE,NA,NA,TRUE,NA,NA,"Z",NA,NA,"tGravityAcc-energy()-Z","TimeDomainGravityAcceleration.energy.Z"
"60",60,TRUE,NA,TRUE,NA,NA,TRUE,NA,NA,"X","iqr","Interquartile range ","tGravityAcc-iqr()-X","TimeDomainGravityAcceleration.iqr.X"
"61",61,TRUE,NA,TRUE,NA,NA,TRUE,NA,NA,"Y","iqr","Interquartile range ","tGravityAcc-iqr()-Y","TimeDomainGravityAcceleration.iqr.Y"
"62",62,TRUE,NA,TRUE,NA,NA,TRUE,NA,NA,"Z","iqr","Interquartile range ","tGravityAcc-iqr()-Z","TimeDomainGravityAcceleration.iqr.Z"
"63",63,TRUE,NA,TRUE,NA,NA,TRUE,NA,NA,"X","entropy","Signal entropy","tGravityAcc-entropy()-X","TimeDomainGravityAcceleration.entropy.X"
"64",64,TRUE,NA,TRUE,NA,NA,TRUE,NA,NA,"Y","entropy","Signal entropy","tGravityAcc-entropy()-Y","TimeDomainGravityAcceleration.entropy.Y"
"65",65,TRUE,NA,TRUE,NA,NA,TRUE,NA,NA,"Z","entropy","Signal entropy","tGravityAcc-entropy()-Z","TimeDomainGravityAcceleration.entropy.Z"
"66",66,TRUE,NA,TRUE,NA,NA,TRUE,NA,NA,"X,1","arCoeff","Autorregresion coefficients with Burg order equal to 4","tGravityAcc-arCoeff()-X,1","TimeDomainGravityAcceleration.arCoeff.Xx1"
"67",67,TRUE,NA,TRUE,NA,NA,TRUE,NA,NA,"X,2","arCoeff","Autorregresion coefficients with Burg order equal to 4","tGravityAcc-arCoeff()-X,2","TimeDomainGravityAcceleration.arCoeff.Xx2"
"68",68,TRUE,NA,TRUE,NA,NA,TRUE,NA,NA,"X,3","arCoeff","Autorregresion coefficients with Burg order equal to 4","tGravityAcc-arCoeff()-X,3","TimeDomainGravityAcceleration.arCoeff.Xx3"
"69",69,TRUE,NA,TRUE,NA,NA,TRUE,NA,NA,"X,4","arCoeff","Autorregresion coefficients with Burg order equal to 4","tGravityAcc-arCoeff()-X,4","TimeDomainGravityAcceleration.arCoeff.Xx4"
"70",70,TRUE,NA,TRUE,NA,NA,TRUE,NA,NA,"Y,1","arCoeff","Autorregresion coefficients with Burg order equal to 4","tGravityAcc-arCoeff()-Y,1","TimeDomainGravityAcceleration.arCoeff.Yx1"
"71",71,TRUE,NA,TRUE,NA,NA,TRUE,NA,NA,"Y,2","arCoeff","Autorregresion coefficients with Burg order equal to 4","tGravityAcc-arCoeff()-Y,2","TimeDomainGravityAcceleration.arCoeff.Yx2"
"72",72,TRUE,NA,TRUE,NA,NA,TRUE,NA,NA,"Y,3","arCoeff","Autorregresion coefficients with Burg order equal to 4","tGravityAcc-arCoeff()-Y,3","TimeDomainGravityAcceleration.arCoeff.Yx3"
"73",73,TRUE,NA,TRUE,NA,NA,TRUE,NA,NA,"Y,4","arCoeff","Autorregresion coefficients with Burg order equal to 4","tGravityAcc-arCoeff()-Y,4","TimeDomainGravityAcceleration.arCoeff.Yx4"
"74",74,TRUE,NA,TRUE,NA,NA,TRUE,NA,NA,"Z,1","arCoeff","Autorregresion coefficients with Burg order equal to 4","tGravityAcc-arCoeff()-Z,1","TimeDomainGravityAcceleration.arCoeff.Zx1"
"75",75,TRUE,NA,TRUE,NA,NA,TRUE,NA,NA,"Z,2","arCoeff","Autorregresion coefficients with Burg order equal to 4","tGravityAcc-arCoeff()-Z,2","TimeDomainGravityAcceleration.arCoeff.Zx2"
"76",76,TRUE,NA,TRUE,NA,NA,TRUE,NA,NA,"Z,3","arCoeff","Autorregresion coefficients with Burg order equal to 4","tGravityAcc-arCoeff()-Z,3","TimeDomainGravityAcceleration.arCoeff.Zx3"
"77",77,TRUE,NA,TRUE,NA,NA,TRUE,NA,NA,"Z,4","arCoeff","Autorregresion coefficients with Burg order equal to 4","tGravityAcc-arCoeff()-Z,4","TimeDomainGravityAcceleration.arCoeff.Zx4"
"78",78,TRUE,NA,TRUE,NA,NA,TRUE,NA,NA,"X,Y","correlation","correlation coefficient between two signals","tGravityAcc-correlation()-X,Y","TimeDomainGravityAcceleration.correlation.XxY"
"79",79,TRUE,NA,TRUE,NA,NA,TRUE,NA,NA,"X,Z","correlation","correlation coefficient between two signals","tGravityAcc-correlation()-X,Z","TimeDomainGravityAcceleration.correlation.XxZ"
"80",80,TRUE,NA,TRUE,NA,NA,TRUE,NA,NA,"Y,Z","correlation","correlation coefficient between two signals","tGravityAcc-correlation()-Y,Z","TimeDomainGravityAcceleration.correlation.YxZ"
"81",81,TRUE,NA,TRUE,NA,TRUE,NA,TRUE,NA,"X","mean","Mean value","tBodyAccJerk-mean()-X","TimeDomainBodyAccelerationJerk.mean.X"
"82",82,TRUE,NA,TRUE,NA,TRUE,NA,TRUE,NA,"Y","mean","Mean value","tBodyAccJerk-mean()-Y","TimeDomainBodyAccelerationJerk.mean.Y"
"83",83,TRUE,NA,TRUE,NA,TRUE,NA,TRUE,NA,"Z","mean","Mean value","tBodyAccJerk-mean()-Z","TimeDomainBodyAccelerationJerk.mean.Z"
"84",84,TRUE,NA,TRUE,NA,TRUE,NA,TRUE,NA,"X","std","Standard deviation","tBodyAccJerk-std()-X","TimeDomainBodyAccelerationJerk.std.X"
"85",85,TRUE,NA,TRUE,NA,TRUE,NA,TRUE,NA,"Y","std","Standard deviation","tBodyAccJerk-std()-Y","TimeDomainBodyAccelerationJerk.std.Y"
"86",86,TRUE,NA,TRUE,NA,TRUE,NA,TRUE,NA,"Z","std","Standard deviation","tBodyAccJerk-std()-Z","TimeDomainBodyAccelerationJerk.std.Z"
"87",87,TRUE,NA,TRUE,NA,TRUE,NA,TRUE,NA,"X","mad","Median absolute deviation ","tBodyAccJerk-mad()-X","TimeDomainBodyAccelerationJerk.mad.X"
"88",88,TRUE,NA,TRUE,NA,TRUE,NA,TRUE,NA,"Y","mad","Median absolute deviation ","tBodyAccJerk-mad()-Y","TimeDomainBodyAccelerationJerk.mad.Y"
"89",89,TRUE,NA,TRUE,NA,TRUE,NA,TRUE,NA,"Z","mad","Median absolute deviation ","tBodyAccJerk-mad()-Z","TimeDomainBodyAccelerationJerk.mad.Z"
"90",90,TRUE,NA,TRUE,NA,TRUE,NA,TRUE,NA,"X","max","Largest value in array","tBodyAccJerk-max()-X","TimeDomainBodyAccelerationJerk.max.X"
"91",91,TRUE,NA,TRUE,NA,TRUE,NA,TRUE,NA,"Y","max","Largest value in array","tBodyAccJerk-max()-Y","TimeDomainBodyAccelerationJerk.max.Y"
"92",92,TRUE,NA,TRUE,NA,TRUE,NA,TRUE,NA,"Z","max","Largest value in array","tBodyAccJerk-max()-Z","TimeDomainBodyAccelerationJerk.max.Z"
"93",93,TRUE,NA,TRUE,NA,TRUE,NA,TRUE,NA,"X","min","Smallest value in array","tBodyAccJerk-min()-X","TimeDomainBodyAccelerationJerk.min.X"
"94",94,TRUE,NA,TRUE,NA,TRUE,NA,TRUE,NA,"Y","min","Smallest value in array","tBodyAccJerk-min()-Y","TimeDomainBodyAccelerationJerk.min.Y"
"95",95,TRUE,NA,TRUE,NA,TRUE,NA,TRUE,NA,"Z","min","Smallest value in array","tBodyAccJerk-min()-Z","TimeDomainBodyAccelerationJerk.min.Z"
"96",96,TRUE,NA,TRUE,NA,TRUE,NA,TRUE,NA,NA,"sma","Signal magnitude area","tBodyAccJerk-sma()","TimeDomainBodyAccelerationJerk.sma"
"97",97,TRUE,NA,TRUE,NA,TRUE,NA,TRUE,NA,"X",NA,NA,"tBodyAccJerk-energy()-X","TimeDomainBodyAccelerationJerk.energy.X"
"98",98,TRUE,NA,TRUE,NA,TRUE,NA,TRUE,NA,"Y",NA,NA,"tBodyAccJerk-energy()-Y","TimeDomainBodyAccelerationJerk.energy.Y"
"99",99,TRUE,NA,TRUE,NA,TRUE,NA,TRUE,NA,"Z",NA,NA,"tBodyAccJerk-energy()-Z","TimeDomainBodyAccelerationJerk.energy.Z"
"100",100,TRUE,NA,TRUE,NA,TRUE,NA,TRUE,NA,"X","iqr","Interquartile range ","tBodyAccJerk-iqr()-X","TimeDomainBodyAccelerationJerk.iqr.X"
"101",101,TRUE,NA,TRUE,NA,TRUE,NA,TRUE,NA,"Y","iqr","Interquartile range ","tBodyAccJerk-iqr()-Y","TimeDomainBodyAccelerationJerk.iqr.Y"
"102",102,TRUE,NA,TRUE,NA,TRUE,NA,TRUE,NA,"Z","iqr","Interquartile range ","tBodyAccJerk-iqr()-Z","TimeDomainBodyAccelerationJerk.iqr.Z"
"103",103,TRUE,NA,TRUE,NA,TRUE,NA,TRUE,NA,"X","entropy","Signal entropy","tBodyAccJerk-entropy()-X","TimeDomainBodyAccelerationJerk.entropy.X"
"104",104,TRUE,NA,TRUE,NA,TRUE,NA,TRUE,NA,"Y","entropy","Signal entropy","tBodyAccJerk-entropy()-Y","TimeDomainBodyAccelerationJerk.entropy.Y"
"105",105,TRUE,NA,TRUE,NA,TRUE,NA,TRUE,NA,"Z","entropy","Signal entropy","tBodyAccJerk-entropy()-Z","TimeDomainBodyAccelerationJerk.entropy.Z"
"106",106,TRUE,NA,TRUE,NA,TRUE,NA,TRUE,NA,"X,1","arCoeff","Autorregresion coefficients with Burg order equal to 4","tBodyAccJerk-arCoeff()-X,1","TimeDomainBodyAccelerationJerk.arCoeff.Xx1"
"107",107,TRUE,NA,TRUE,NA,TRUE,NA,TRUE,NA,"X,2","arCoeff","Autorregresion coefficients with Burg order equal to 4","tBodyAccJerk-arCoeff()-X,2","TimeDomainBodyAccelerationJerk.arCoeff.Xx2"
"108",108,TRUE,NA,TRUE,NA,TRUE,NA,TRUE,NA,"X,3","arCoeff","Autorregresion coefficients with Burg order equal to 4","tBodyAccJerk-arCoeff()-X,3","TimeDomainBodyAccelerationJerk.arCoeff.Xx3"
"109",109,TRUE,NA,TRUE,NA,TRUE,NA,TRUE,NA,"X,4","arCoeff","Autorregresion coefficients with Burg order equal to 4","tBodyAccJerk-arCoeff()-X,4","TimeDomainBodyAccelerationJerk.arCoeff.Xx4"
"110",110,TRUE,NA,TRUE,NA,TRUE,NA,TRUE,NA,"Y,1","arCoeff","Autorregresion coefficients with Burg order equal to 4","tBodyAccJerk-arCoeff()-Y,1","TimeDomainBodyAccelerationJerk.arCoeff.Yx1"
"111",111,TRUE,NA,TRUE,NA,TRUE,NA,TRUE,NA,"Y,2","arCoeff","Autorregresion coefficients with Burg order equal to 4","tBodyAccJerk-arCoeff()-Y,2","TimeDomainBodyAccelerationJerk.arCoeff.Yx2"
"112",112,TRUE,NA,TRUE,NA,TRUE,NA,TRUE,NA,"Y,3","arCoeff","Autorregresion coefficients with Burg order equal to 4","tBodyAccJerk-arCoeff()-Y,3","TimeDomainBodyAccelerationJerk.arCoeff.Yx3"
"113",113,TRUE,NA,TRUE,NA,TRUE,NA,TRUE,NA,"Y,4","arCoeff","Autorregresion coefficients with Burg order equal to 4","tBodyAccJerk-arCoeff()-Y,4","TimeDomainBodyAccelerationJerk.arCoeff.Yx4"
"114",114,TRUE,NA,TRUE,NA,TRUE,NA,TRUE,NA,"Z,1","arCoeff","Autorregresion coefficients with Burg order equal to 4","tBodyAccJerk-arCoeff()-Z,1","TimeDomainBodyAccelerationJerk.arCoeff.Zx1"
"115",115,TRUE,NA,TRUE,NA,TRUE,NA,TRUE,NA,"Z,2","arCoeff","Autorregresion coefficients with Burg order equal to 4","tBodyAccJerk-arCoeff()-Z,2","TimeDomainBodyAccelerationJerk.arCoeff.Zx2"
"116",116,TRUE,NA,TRUE,NA,TRUE,NA,TRUE,NA,"Z,3","arCoeff","Autorregresion coefficients with Burg order equal to 4","tBodyAccJerk-arCoeff()-Z,3","TimeDomainBodyAccelerationJerk.arCoeff.Zx3"
"117",117,TRUE,NA,TRUE,NA,TRUE,NA,TRUE,NA,"Z,4","arCoeff","Autorregresion coefficients with Burg order equal to 4","tBodyAccJerk-arCoeff()-Z,4","TimeDomainBodyAccelerationJerk.arCoeff.Zx4"
"118",118,TRUE,NA,TRUE,NA,TRUE,NA,TRUE,NA,"X,Y","correlation","correlation coefficient between two signals","tBodyAccJerk-correlation()-X,Y","TimeDomainBodyAccelerationJerk.correlation.XxY"
"119",119,TRUE,NA,TRUE,NA,TRUE,NA,TRUE,NA,"X,Z","correlation","correlation coefficient between two signals","tBodyAccJerk-correlation()-X,Z","TimeDomainBodyAccelerationJerk.correlation.XxZ"
"120",120,TRUE,NA,TRUE,NA,TRUE,NA,TRUE,NA,"Y,Z","correlation","correlation coefficient between two signals","tBodyAccJerk-correlation()-Y,Z","TimeDomainBodyAccelerationJerk.correlation.YxZ"
"121",121,TRUE,NA,NA,TRUE,TRUE,NA,NA,NA,"X","mean","Mean value","tBodyGyro-mean()-X","TimeDomainBodyGyroscope.mean.X"
"122",122,TRUE,NA,NA,TRUE,TRUE,NA,NA,NA,"Y","mean","Mean value","tBodyGyro-mean()-Y","TimeDomainBodyGyroscope.mean.Y"
"123",123,TRUE,NA,NA,TRUE,TRUE,NA,NA,NA,"Z","mean","Mean value","tBodyGyro-mean()-Z","TimeDomainBodyGyroscope.mean.Z"
"124",124,TRUE,NA,NA,TRUE,TRUE,NA,NA,NA,"X","std","Standard deviation","tBodyGyro-std()-X","TimeDomainBodyGyroscope.std.X"
"125",125,TRUE,NA,NA,TRUE,TRUE,NA,NA,NA,"Y","std","Standard deviation","tBodyGyro-std()-Y","TimeDomainBodyGyroscope.std.Y"
"126",126,TRUE,NA,NA,TRUE,TRUE,NA,NA,NA,"Z","std","Standard deviation","tBodyGyro-std()-Z","TimeDomainBodyGyroscope.std.Z"
"127",127,TRUE,NA,NA,TRUE,TRUE,NA,NA,NA,"X","mad","Median absolute deviation ","tBodyGyro-mad()-X","TimeDomainBodyGyroscope.mad.X"
"128",128,TRUE,NA,NA,TRUE,TRUE,NA,NA,NA,"Y","mad","Median absolute deviation ","tBodyGyro-mad()-Y","TimeDomainBodyGyroscope.mad.Y"
"129",129,TRUE,NA,NA,TRUE,TRUE,NA,NA,NA,"Z","mad","Median absolute deviation ","tBodyGyro-mad()-Z","TimeDomainBodyGyroscope.mad.Z"
"130",130,TRUE,NA,NA,TRUE,TRUE,NA,NA,NA,"X","max","Largest value in array","tBodyGyro-max()-X","TimeDomainBodyGyroscope.max.X"
"131",131,TRUE,NA,NA,TRUE,TRUE,NA,NA,NA,"Y","max","Largest value in array","tBodyGyro-max()-Y","TimeDomainBodyGyroscope.max.Y"
"132",132,TRUE,NA,NA,TRUE,TRUE,NA,NA,NA,"Z","max","Largest value in array","tBodyGyro-max()-Z","TimeDomainBodyGyroscope.max.Z"
"133",133,TRUE,NA,NA,TRUE,TRUE,NA,NA,NA,"X","min","Smallest value in array","tBodyGyro-min()-X","TimeDomainBodyGyroscope.min.X"
"134",134,TRUE,NA,NA,TRUE,TRUE,NA,NA,NA,"Y","min","Smallest value in array","tBodyGyro-min()-Y","TimeDomainBodyGyroscope.min.Y"
"135",135,TRUE,NA,NA,TRUE,TRUE,NA,NA,NA,"Z","min","Smallest value in array","tBodyGyro-min()-Z","TimeDomainBodyGyroscope.min.Z"
"136",136,TRUE,NA,NA,TRUE,TRUE,NA,NA,NA,NA,"sma","Signal magnitude area","tBodyGyro-sma()","TimeDomainBodyGyroscope.sma"
"137",137,TRUE,NA,NA,TRUE,TRUE,NA,NA,NA,"X",NA,NA,"tBodyGyro-energy()-X","TimeDomainBodyGyroscope.energy.X"
"138",138,TRUE,NA,NA,TRUE,TRUE,NA,NA,NA,"Y",NA,NA,"tBodyGyro-energy()-Y","TimeDomainBodyGyroscope.energy.Y"
"139",139,TRUE,NA,NA,TRUE,TRUE,NA,NA,NA,"Z",NA,NA,"tBodyGyro-energy()-Z","TimeDomainBodyGyroscope.energy.Z"
"140",140,TRUE,NA,NA,TRUE,TRUE,NA,NA,NA,"X","iqr","Interquartile range ","tBodyGyro-iqr()-X","TimeDomainBodyGyroscope.iqr.X"
"141",141,TRUE,NA,NA,TRUE,TRUE,NA,NA,NA,"Y","iqr","Interquartile range ","tBodyGyro-iqr()-Y","TimeDomainBodyGyroscope.iqr.Y"
"142",142,TRUE,NA,NA,TRUE,TRUE,NA,NA,NA,"Z","iqr","Interquartile range ","tBodyGyro-iqr()-Z","TimeDomainBodyGyroscope.iqr.Z"
"143",143,TRUE,NA,NA,TRUE,TRUE,NA,NA,NA,"X","entropy","Signal entropy","tBodyGyro-entropy()-X","TimeDomainBodyGyroscope.entropy.X"
"144",144,TRUE,NA,NA,TRUE,TRUE,NA,NA,NA,"Y","entropy","Signal entropy","tBodyGyro-entropy()-Y","TimeDomainBodyGyroscope.entropy.Y"
"145",145,TRUE,NA,NA,TRUE,TRUE,NA,NA,NA,"Z","entropy","Signal entropy","tBodyGyro-entropy()-Z","TimeDomainBodyGyroscope.entropy.Z"
"146",146,TRUE,NA,NA,TRUE,TRUE,NA,NA,NA,"X,1","arCoeff","Autorregresion coefficients with Burg order equal to 4","tBodyGyro-arCoeff()-X,1","TimeDomainBodyGyroscope.arCoeff.Xx1"
"147",147,TRUE,NA,NA,TRUE,TRUE,NA,NA,NA,"X,2","arCoeff","Autorregresion coefficients with Burg order equal to 4","tBodyGyro-arCoeff()-X,2","TimeDomainBodyGyroscope.arCoeff.Xx2"
"148",148,TRUE,NA,NA,TRUE,TRUE,NA,NA,NA,"X,3","arCoeff","Autorregresion coefficients with Burg order equal to 4","tBodyGyro-arCoeff()-X,3","TimeDomainBodyGyroscope.arCoeff.Xx3"
"149",149,TRUE,NA,NA,TRUE,TRUE,NA,NA,NA,"X,4","arCoeff","Autorregresion coefficients with Burg order equal to 4","tBodyGyro-arCoeff()-X,4","TimeDomainBodyGyroscope.arCoeff.Xx4"
"150",150,TRUE,NA,NA,TRUE,TRUE,NA,NA,NA,"Y,1","arCoeff","Autorregresion coefficients with Burg order equal to 4","tBodyGyro-arCoeff()-Y,1","TimeDomainBodyGyroscope.arCoeff.Yx1"
"151",151,TRUE,NA,NA,TRUE,TRUE,NA,NA,NA,"Y,2","arCoeff","Autorregresion coefficients with Burg order equal to 4","tBodyGyro-arCoeff()-Y,2","TimeDomainBodyGyroscope.arCoeff.Yx2"
"152",152,TRUE,NA,NA,TRUE,TRUE,NA,NA,NA,"Y,3","arCoeff","Autorregresion coefficients with Burg order equal to 4","tBodyGyro-arCoeff()-Y,3","TimeDomainBodyGyroscope.arCoeff.Yx3"
"153",153,TRUE,NA,NA,TRUE,TRUE,NA,NA,NA,"Y,4","arCoeff","Autorregresion coefficients with Burg order equal to 4","tBodyGyro-arCoeff()-Y,4","TimeDomainBodyGyroscope.arCoeff.Yx4"
"154",154,TRUE,NA,NA,TRUE,TRUE,NA,NA,NA,"Z,1","arCoeff","Autorregresion coefficients with Burg order equal to 4","tBodyGyro-arCoeff()-Z,1","TimeDomainBodyGyroscope.arCoeff.Zx1"
"155",155,TRUE,NA,NA,TRUE,TRUE,NA,NA,NA,"Z,2","arCoeff","Autorregresion coefficients with Burg order equal to 4","tBodyGyro-arCoeff()-Z,2","TimeDomainBodyGyroscope.arCoeff.Zx2"
"156",156,TRUE,NA,NA,TRUE,TRUE,NA,NA,NA,"Z,3","arCoeff","Autorregresion coefficients with Burg order equal to 4","tBodyGyro-arCoeff()-Z,3","TimeDomainBodyGyroscope.arCoeff.Zx3"
"157",157,TRUE,NA,NA,TRUE,TRUE,NA,NA,NA,"Z,4","arCoeff","Autorregresion coefficients with Burg order equal to 4","tBodyGyro-arCoeff()-Z,4","TimeDomainBodyGyroscope.arCoeff.Zx4"
"158",158,TRUE,NA,NA,TRUE,TRUE,NA,NA,NA,"X,Y","correlation","correlation coefficient between two signals","tBodyGyro-correlation()-X,Y","TimeDomainBodyGyroscope.correlation.XxY"
"159",159,TRUE,NA,NA,TRUE,TRUE,NA,NA,NA,"X,Z","correlation","correlation coefficient between two signals","tBodyGyro-correlation()-X,Z","TimeDomainBodyGyroscope.correlation.XxZ"
"160",160,TRUE,NA,NA,TRUE,TRUE,NA,NA,NA,"Y,Z","correlation","correlation coefficient between two signals","tBodyGyro-correlation()-Y,Z","TimeDomainBodyGyroscope.correlation.YxZ"
"161",161,TRUE,NA,NA,TRUE,TRUE,NA,TRUE,NA,"X","mean","Mean value","tBodyGyroJerk-mean()-X","TimeDomainBodyGyroscopeJerk.mean.X"
"162",162,TRUE,NA,NA,TRUE,TRUE,NA,TRUE,NA,"Y","mean","Mean value","tBodyGyroJerk-mean()-Y","TimeDomainBodyGyroscopeJerk.mean.Y"
"163",163,TRUE,NA,NA,TRUE,TRUE,NA,TRUE,NA,"Z","mean","Mean value","tBodyGyroJerk-mean()-Z","TimeDomainBodyGyroscopeJerk.mean.Z"
"164",164,TRUE,NA,NA,TRUE,TRUE,NA,TRUE,NA,"X","std","Standard deviation","tBodyGyroJerk-std()-X","TimeDomainBodyGyroscopeJerk.std.X"
"165",165,TRUE,NA,NA,TRUE,TRUE,NA,TRUE,NA,"Y","std","Standard deviation","tBodyGyroJerk-std()-Y","TimeDomainBodyGyroscopeJerk.std.Y"
"166",166,TRUE,NA,NA,TRUE,TRUE,NA,TRUE,NA,"Z","std","Standard deviation","tBodyGyroJerk-std()-Z","TimeDomainBodyGyroscopeJerk.std.Z"
"167",167,TRUE,NA,NA,TRUE,TRUE,NA,TRUE,NA,"X","mad","Median absolute deviation ","tBodyGyroJerk-mad()-X","TimeDomainBodyGyroscopeJerk.mad.X"
"168",168,TRUE,NA,NA,TRUE,TRUE,NA,TRUE,NA,"Y","mad","Median absolute deviation ","tBodyGyroJerk-mad()-Y","TimeDomainBodyGyroscopeJerk.mad.Y"
"169",169,TRUE,NA,NA,TRUE,TRUE,NA,TRUE,NA,"Z","mad","Median absolute deviation ","tBodyGyroJerk-mad()-Z","TimeDomainBodyGyroscopeJerk.mad.Z"
"170",170,TRUE,NA,NA,TRUE,TRUE,NA,TRUE,NA,"X","max","Largest value in array","tBodyGyroJerk-max()-X","TimeDomainBodyGyroscopeJerk.max.X"
"171",171,TRUE,NA,NA,TRUE,TRUE,NA,TRUE,NA,"Y","max","Largest value in array","tBodyGyroJerk-max()-Y","TimeDomainBodyGyroscopeJerk.max.Y"
"172",172,TRUE,NA,NA,TRUE,TRUE,NA,TRUE,NA,"Z","max","Largest value in array","tBodyGyroJerk-max()-Z","TimeDomainBodyGyroscopeJerk.max.Z"
"173",173,TRUE,NA,NA,TRUE,TRUE,NA,TRUE,NA,"X","min","Smallest value in array","tBodyGyroJerk-min()-X","TimeDomainBodyGyroscopeJerk.min.X"
"174",174,TRUE,NA,NA,TRUE,TRUE,NA,TRUE,NA,"Y","min","Smallest value in array","tBodyGyroJerk-min()-Y","TimeDomainBodyGyroscopeJerk.min.Y"
"175",175,TRUE,NA,NA,TRUE,TRUE,NA,TRUE,NA,"Z","min","Smallest value in array","tBodyGyroJerk-min()-Z","TimeDomainBodyGyroscopeJerk.min.Z"
"176",176,TRUE,NA,NA,TRUE,TRUE,NA,TRUE,NA,NA,"sma","Signal magnitude area","tBodyGyroJerk-sma()","TimeDomainBodyGyroscopeJerk.sma"
"177",177,TRUE,NA,NA,TRUE,TRUE,NA,TRUE,NA,"X",NA,NA,"tBodyGyroJerk-energy()-X","TimeDomainBodyGyroscopeJerk.energy.X"
"178",178,TRUE,NA,NA,TRUE,TRUE,NA,TRUE,NA,"Y",NA,NA,"tBodyGyroJerk-energy()-Y","TimeDomainBodyGyroscopeJerk.energy.Y"
"179",179,TRUE,NA,NA,TRUE,TRUE,NA,TRUE,NA,"Z",NA,NA,"tBodyGyroJerk-energy()-Z","TimeDomainBodyGyroscopeJerk.energy.Z"
"180",180,TRUE,NA,NA,TRUE,TRUE,NA,TRUE,NA,"X","iqr","Interquartile range ","tBodyGyroJerk-iqr()-X","TimeDomainBodyGyroscopeJerk.iqr.X"
"181",181,TRUE,NA,NA,TRUE,TRUE,NA,TRUE,NA,"Y","iqr","Interquartile range ","tBodyGyroJerk-iqr()-Y","TimeDomainBodyGyroscopeJerk.iqr.Y"
"182",182,TRUE,NA,NA,TRUE,TRUE,NA,TRUE,NA,"Z","iqr","Interquartile range ","tBodyGyroJerk-iqr()-Z","TimeDomainBodyGyroscopeJerk.iqr.Z"
"183",183,TRUE,NA,NA,TRUE,TRUE,NA,TRUE,NA,"X","entropy","Signal entropy","tBodyGyroJerk-entropy()-X","TimeDomainBodyGyroscopeJerk.entropy.X"
"184",184,TRUE,NA,NA,TRUE,TRUE,NA,TRUE,NA,"Y","entropy","Signal entropy","tBodyGyroJerk-entropy()-Y","TimeDomainBodyGyroscopeJerk.entropy.Y"
"185",185,TRUE,NA,NA,TRUE,TRUE,NA,TRUE,NA,"Z","entropy","Signal entropy","tBodyGyroJerk-entropy()-Z","TimeDomainBodyGyroscopeJerk.entropy.Z"
"186",186,TRUE,NA,NA,TRUE,TRUE,NA,TRUE,NA,"X,1","arCoeff","Autorregresion coefficients with Burg order equal to 4","tBodyGyroJerk-arCoeff()-X,1","TimeDomainBodyGyroscopeJerk.arCoeff.Xx1"
"187",187,TRUE,NA,NA,TRUE,TRUE,NA,TRUE,NA,"X,2","arCoeff","Autorregresion coefficients with Burg order equal to 4","tBodyGyroJerk-arCoeff()-X,2","TimeDomainBodyGyroscopeJerk.arCoeff.Xx2"
"188",188,TRUE,NA,NA,TRUE,TRUE,NA,TRUE,NA,"X,3","arCoeff","Autorregresion coefficients with Burg order equal to 4","tBodyGyroJerk-arCoeff()-X,3","TimeDomainBodyGyroscopeJerk.arCoeff.Xx3"
"189",189,TRUE,NA,NA,TRUE,TRUE,NA,TRUE,NA,"X,4","arCoeff","Autorregresion coefficients with Burg order equal to 4","tBodyGyroJerk-arCoeff()-X,4","TimeDomainBodyGyroscopeJerk.arCoeff.Xx4"
"190",190,TRUE,NA,NA,TRUE,TRUE,NA,TRUE,NA,"Y,1","arCoeff","Autorregresion coefficients with Burg order equal to 4","tBodyGyroJerk-arCoeff()-Y,1","TimeDomainBodyGyroscopeJerk.arCoeff.Yx1"
"191",191,TRUE,NA,NA,TRUE,TRUE,NA,TRUE,NA,"Y,2","arCoeff","Autorregresion coefficients with Burg order equal to 4","tBodyGyroJerk-arCoeff()-Y,2","TimeDomainBodyGyroscopeJerk.arCoeff.Yx2"
"192",192,TRUE,NA,NA,TRUE,TRUE,NA,TRUE,NA,"Y,3","arCoeff","Autorregresion coefficients with Burg order equal to 4","tBodyGyroJerk-arCoeff()-Y,3","TimeDomainBodyGyroscopeJerk.arCoeff.Yx3"
"193",193,TRUE,NA,NA,TRUE,TRUE,NA,TRUE,NA,"Y,4","arCoeff","Autorregresion coefficients with Burg order equal to 4","tBodyGyroJerk-arCoeff()-Y,4","TimeDomainBodyGyroscopeJerk.arCoeff.Yx4"
"194",194,TRUE,NA,NA,TRUE,TRUE,NA,TRUE,NA,"Z,1","arCoeff","Autorregresion coefficients with Burg order equal to 4","tBodyGyroJerk-arCoeff()-Z,1","TimeDomainBodyGyroscopeJerk.arCoeff.Zx1"
"195",195,TRUE,NA,NA,TRUE,TRUE,NA,TRUE,NA,"Z,2","arCoeff","Autorregresion coefficients with Burg order equal to 4","tBodyGyroJerk-arCoeff()-Z,2","TimeDomainBodyGyroscopeJerk.arCoeff.Zx2"
"196",196,TRUE,NA,NA,TRUE,TRUE,NA,TRUE,NA,"Z,3","arCoeff","Autorregresion coefficients with Burg order equal to 4","tBodyGyroJerk-arCoeff()-Z,3","TimeDomainBodyGyroscopeJerk.arCoeff.Zx3"
"197",197,TRUE,NA,NA,TRUE,TRUE,NA,TRUE,NA,"Z,4","arCoeff","Autorregresion coefficients with Burg order equal to 4","tBodyGyroJerk-arCoeff()-Z,4","TimeDomainBodyGyroscopeJerk.arCoeff.Zx4"
"198",198,TRUE,NA,NA,TRUE,TRUE,NA,TRUE,NA,"X,Y","correlation","correlation coefficient between two signals","tBodyGyroJerk-correlation()-X,Y","TimeDomainBodyGyroscopeJerk.correlation.XxY"
"199",199,TRUE,NA,NA,TRUE,TRUE,NA,TRUE,NA,"X,Z","correlation","correlation coefficient between two signals","tBodyGyroJerk-correlation()-X,Z","TimeDomainBodyGyroscopeJerk.correlation.XxZ"
"200",200,TRUE,NA,NA,TRUE,TRUE,NA,TRUE,NA,"Y,Z","correlation","correlation coefficient between two signals","tBodyGyroJerk-correlation()-Y,Z","TimeDomainBodyGyroscopeJerk.correlation.YxZ"
"201",201,TRUE,NA,TRUE,NA,TRUE,NA,NA,TRUE,NA,"mean","Mean value","tBodyAccMag-mean()","TimeDomainBodyAccelerationMagnitute.mean"
"202",202,TRUE,NA,TRUE,NA,TRUE,NA,NA,TRUE,NA,"std","Standard deviation","tBodyAccMag-std()","TimeDomainBodyAccelerationMagnitute.std"
"203",203,TRUE,NA,TRUE,NA,TRUE,NA,NA,TRUE,NA,"mad","Median absolute deviation ","tBodyAccMag-mad()","TimeDomainBodyAccelerationMagnitute.mad"
"204",204,TRUE,NA,TRUE,NA,TRUE,NA,NA,TRUE,NA,"max","Largest value in array","tBodyAccMag-max()","TimeDomainBodyAccelerationMagnitute.max"
"205",205,TRUE,NA,TRUE,NA,TRUE,NA,NA,TRUE,NA,"min","Smallest value in array","tBodyAccMag-min()","TimeDomainBodyAccelerationMagnitute.min"
"206",206,TRUE,NA,TRUE,NA,TRUE,NA,NA,TRUE,NA,"sma","Signal magnitude area","tBodyAccMag-sma()","TimeDomainBodyAccelerationMagnitute.sma"
"207",207,TRUE,NA,TRUE,NA,TRUE,NA,NA,TRUE,NA,NA,NA,"tBodyAccMag-energy()","TimeDomainBodyAccelerationMagnitute.energy"
"208",208,TRUE,NA,TRUE,NA,TRUE,NA,NA,TRUE,NA,"iqr","Interquartile range ","tBodyAccMag-iqr()","TimeDomainBodyAccelerationMagnitute.iqr"
"209",209,TRUE,NA,TRUE,NA,TRUE,NA,NA,TRUE,NA,"entropy","Signal entropy","tBodyAccMag-entropy()","TimeDomainBodyAccelerationMagnitute.entropy"
"210",210,TRUE,NA,TRUE,NA,TRUE,NA,NA,TRUE,"1","arCoeff","Autorregresion coefficients with Burg order equal to 4","tBodyAccMag-arCoeff()1","TimeDomainBodyAccelerationMagnitute.arCoeff1"
"211",211,TRUE,NA,TRUE,NA,TRUE,NA,NA,TRUE,"2","arCoeff","Autorregresion coefficients with Burg order equal to 4","tBodyAccMag-arCoeff()2","TimeDomainBodyAccelerationMagnitute.arCoeff2"
"212",212,TRUE,NA,TRUE,NA,TRUE,NA,NA,TRUE,"3","arCoeff","Autorregresion coefficients with Burg order equal to 4","tBodyAccMag-arCoeff()3","TimeDomainBodyAccelerationMagnitute.arCoeff3"
"213",213,TRUE,NA,TRUE,NA,TRUE,NA,NA,TRUE,"4","arCoeff","Autorregresion coefficients with Burg order equal to 4","tBodyAccMag-arCoeff()4","TimeDomainBodyAccelerationMagnitute.arCoeff4"
"214",214,TRUE,NA,TRUE,NA,NA,TRUE,NA,TRUE,NA,"mean","Mean value","tGravityAccMag-mean()","TimeDomainGravityAccelerationMagnitute.mean"
"215",215,TRUE,NA,TRUE,NA,NA,TRUE,NA,TRUE,NA,"std","Standard deviation","tGravityAccMag-std()","TimeDomainGravityAccelerationMagnitute.std"
"216",216,TRUE,NA,TRUE,NA,NA,TRUE,NA,TRUE,NA,"mad","Median absolute deviation ","tGravityAccMag-mad()","TimeDomainGravityAccelerationMagnitute.mad"
"217",217,TRUE,NA,TRUE,NA,NA,TRUE,NA,TRUE,NA,"max","Largest value in array","tGravityAccMag-max()","TimeDomainGravityAccelerationMagnitute.max"
"218",218,TRUE,NA,TRUE,NA,NA,TRUE,NA,TRUE,NA,"min","Smallest value in array","tGravityAccMag-min()","TimeDomainGravityAccelerationMagnitute.min"
"219",219,TRUE,NA,TRUE,NA,NA,TRUE,NA,TRUE,NA,"sma","Signal magnitude area","tGravityAccMag-sma()","TimeDomainGravityAccelerationMagnitute.sma"
"220",220,TRUE,NA,TRUE,NA,NA,TRUE,NA,TRUE,NA,NA,NA,"tGravityAccMag-energy()","TimeDomainGravityAccelerationMagnitute.energy"
"221",221,TRUE,NA,TRUE,NA,NA,TRUE,NA,TRUE,NA,"iqr","Interquartile range ","tGravityAccMag-iqr()","TimeDomainGravityAccelerationMagnitute.iqr"
"222",222,TRUE,NA,TRUE,NA,NA,TRUE,NA,TRUE,NA,"entropy","Signal entropy","tGravityAccMag-entropy()","TimeDomainGravityAccelerationMagnitute.entropy"
"223",223,TRUE,NA,TRUE,NA,NA,TRUE,NA,TRUE,"1","arCoeff","Autorregresion coefficients with Burg order equal to 4","tGravityAccMag-arCoeff()1","TimeDomainGravityAccelerationMagnitute.arCoeff1"
"224",224,TRUE,NA,TRUE,NA,NA,TRUE,NA,TRUE,"2","arCoeff","Autorregresion coefficients with Burg order equal to 4","tGravityAccMag-arCoeff()2","TimeDomainGravityAccelerationMagnitute.arCoeff2"
"225",225,TRUE,NA,TRUE,NA,NA,TRUE,NA,TRUE,"3","arCoeff","Autorregresion coefficients with Burg order equal to 4","tGravityAccMag-arCoeff()3","TimeDomainGravityAccelerationMagnitute.arCoeff3"
"226",226,TRUE,NA,TRUE,NA,NA,TRUE,NA,TRUE,"4","arCoeff","Autorregresion coefficients with Burg order equal to 4","tGravityAccMag-arCoeff()4","TimeDomainGravityAccelerationMagnitute.arCoeff4"
"227",227,TRUE,NA,TRUE,NA,TRUE,NA,TRUE,TRUE,NA,"mean","Mean value","tBodyAccJerkMag-mean()","TimeDomainBodyAccelerationJerkMagnitute.mean"
"228",228,TRUE,NA,TRUE,NA,TRUE,NA,TRUE,TRUE,NA,"std","Standard deviation","tBodyAccJerkMag-std()","TimeDomainBodyAccelerationJerkMagnitute.std"
"229",229,TRUE,NA,TRUE,NA,TRUE,NA,TRUE,TRUE,NA,"mad","Median absolute deviation ","tBodyAccJerkMag-mad()","TimeDomainBodyAccelerationJerkMagnitute.mad"
"230",230,TRUE,NA,TRUE,NA,TRUE,NA,TRUE,TRUE,NA,"max","Largest value in array","tBodyAccJerkMag-max()","TimeDomainBodyAccelerationJerkMagnitute.max"
"231",231,TRUE,NA,TRUE,NA,TRUE,NA,TRUE,TRUE,NA,"min","Smallest value in array","tBodyAccJerkMag-min()","TimeDomainBodyAccelerationJerkMagnitute.min"
"232",232,TRUE,NA,TRUE,NA,TRUE,NA,TRUE,TRUE,NA,"sma","Signal magnitude area","tBodyAccJerkMag-sma()","TimeDomainBodyAccelerationJerkMagnitute.sma"
"233",233,TRUE,NA,TRUE,NA,TRUE,NA,TRUE,TRUE,NA,NA,NA,"tBodyAccJerkMag-energy()","TimeDomainBodyAccelerationJerkMagnitute.energy"
"234",234,TRUE,NA,TRUE,NA,TRUE,NA,TRUE,TRUE,NA,"iqr","Interquartile range ","tBodyAccJerkMag-iqr()","TimeDomainBodyAccelerationJerkMagnitute.iqr"
"235",235,TRUE,NA,TRUE,NA,TRUE,NA,TRUE,TRUE,NA,"entropy","Signal entropy","tBodyAccJerkMag-entropy()","TimeDomainBodyAccelerationJerkMagnitute.entropy"
"236",236,TRUE,NA,TRUE,NA,TRUE,NA,TRUE,TRUE,"1","arCoeff","Autorregresion coefficients with Burg order equal to 4","tBodyAccJerkMag-arCoeff()1","TimeDomainBodyAccelerationJerkMagnitute.arCoeff1"
"237",237,TRUE,NA,TRUE,NA,TRUE,NA,TRUE,TRUE,"2","arCoeff","Autorregresion coefficients with Burg order equal to 4","tBodyAccJerkMag-arCoeff()2","TimeDomainBodyAccelerationJerkMagnitute.arCoeff2"
"238",238,TRUE,NA,TRUE,NA,TRUE,NA,TRUE,TRUE,"3","arCoeff","Autorregresion coefficients with Burg order equal to 4","tBodyAccJerkMag-arCoeff()3","TimeDomainBodyAccelerationJerkMagnitute.arCoeff3"
"239",239,TRUE,NA,TRUE,NA,TRUE,NA,TRUE,TRUE,"4","arCoeff","Autorregresion coefficients with Burg order equal to 4","tBodyAccJerkMag-arCoeff()4","TimeDomainBodyAccelerationJerkMagnitute.arCoeff4"
"240",240,TRUE,NA,NA,TRUE,TRUE,NA,NA,TRUE,NA,"mean","Mean value","tBodyGyroMag-mean()","TimeDomainBodyGyroscopeMagnitute.mean"
"241",241,TRUE,NA,NA,TRUE,TRUE,NA,NA,TRUE,NA,"std","Standard deviation","tBodyGyroMag-std()","TimeDomainBodyGyroscopeMagnitute.std"
"242",242,TRUE,NA,NA,TRUE,TRUE,NA,NA,TRUE,NA,"mad","Median absolute deviation ","tBodyGyroMag-mad()","TimeDomainBodyGyroscopeMagnitute.mad"
"243",243,TRUE,NA,NA,TRUE,TRUE,NA,NA,TRUE,NA,"max","Largest value in array","tBodyGyroMag-max()","TimeDomainBodyGyroscopeMagnitute.max"
"244",244,TRUE,NA,NA,TRUE,TRUE,NA,NA,TRUE,NA,"min","Smallest value in array","tBodyGyroMag-min()","TimeDomainBodyGyroscopeMagnitute.min"
"245",245,TRUE,NA,NA,TRUE,TRUE,NA,NA,TRUE,NA,"sma","Signal magnitude area","tBodyGyroMag-sma()","TimeDomainBodyGyroscopeMagnitute.sma"
"246",246,TRUE,NA,NA,TRUE,TRUE,NA,NA,TRUE,NA,NA,NA,"tBodyGyroMag-energy()","TimeDomainBodyGyroscopeMagnitute.energy"
"247",247,TRUE,NA,NA,TRUE,TRUE,NA,NA,TRUE,NA,"iqr","Interquartile range ","tBodyGyroMag-iqr()","TimeDomainBodyGyroscopeMagnitute.iqr"
"248",248,TRUE,NA,NA,TRUE,TRUE,NA,NA,TRUE,NA,"entropy","Signal entropy","tBodyGyroMag-entropy()","TimeDomainBodyGyroscopeMagnitute.entropy"
"249",249,TRUE,NA,NA,TRUE,TRUE,NA,NA,TRUE,"1","arCoeff","Autorregresion coefficients with Burg order equal to 4","tBodyGyroMag-arCoeff()1","TimeDomainBodyGyroscopeMagnitute.arCoeff1"
"250",250,TRUE,NA,NA,TRUE,TRUE,NA,NA,TRUE,"2","arCoeff","Autorregresion coefficients with Burg order equal to 4","tBodyGyroMag-arCoeff()2","TimeDomainBodyGyroscopeMagnitute.arCoeff2"
"251",251,TRUE,NA,NA,TRUE,TRUE,NA,NA,TRUE,"3","arCoeff","Autorregresion coefficients with Burg order equal to 4","tBodyGyroMag-arCoeff()3","TimeDomainBodyGyroscopeMagnitute.arCoeff3"
"252",252,TRUE,NA,NA,TRUE,TRUE,NA,NA,TRUE,"4","arCoeff","Autorregresion coefficients with Burg order equal to 4","tBodyGyroMag-arCoeff()4","TimeDomainBodyGyroscopeMagnitute.arCoeff4"
"253",253,TRUE,NA,NA,TRUE,TRUE,NA,TRUE,TRUE,NA,"mean","Mean value","tBodyGyroJerkMag-mean()","TimeDomainBodyGyroscopeJerkMagnitute.mean"
"254",254,TRUE,NA,NA,TRUE,TRUE,NA,TRUE,TRUE,NA,"std","Standard deviation","tBodyGyroJerkMag-std()","TimeDomainBodyGyroscopeJerkMagnitute.std"
"255",255,TRUE,NA,NA,TRUE,TRUE,NA,TRUE,TRUE,NA,"mad","Median absolute deviation ","tBodyGyroJerkMag-mad()","TimeDomainBodyGyroscopeJerkMagnitute.mad"
"256",256,TRUE,NA,NA,TRUE,TRUE,NA,TRUE,TRUE,NA,"max","Largest value in array","tBodyGyroJerkMag-max()","TimeDomainBodyGyroscopeJerkMagnitute.max"
"257",257,TRUE,NA,NA,TRUE,TRUE,NA,TRUE,TRUE,NA,"min","Smallest value in array","tBodyGyroJerkMag-min()","TimeDomainBodyGyroscopeJerkMagnitute.min"
"258",258,TRUE,NA,NA,TRUE,TRUE,NA,TRUE,TRUE,NA,"sma","Signal magnitude area","tBodyGyroJerkMag-sma()","TimeDomainBodyGyroscopeJerkMagnitute.sma"
"259",259,TRUE,NA,NA,TRUE,TRUE,NA,TRUE,TRUE,NA,NA,NA,"tBodyGyroJerkMag-energy()","TimeDomainBodyGyroscopeJerkMagnitute.energy"
"260",260,TRUE,NA,NA,TRUE,TRUE,NA,TRUE,TRUE,NA,"iqr","Interquartile range ","tBodyGyroJerkMag-iqr()","TimeDomainBodyGyroscopeJerkMagnitute.iqr"
"261",261,TRUE,NA,NA,TRUE,TRUE,NA,TRUE,TRUE,NA,"entropy","Signal entropy","tBodyGyroJerkMag-entropy()","TimeDomainBodyGyroscopeJerkMagnitute.entropy"
"262",262,TRUE,NA,NA,TRUE,TRUE,NA,TRUE,TRUE,"1","arCoeff","Autorregresion coefficients with Burg order equal to 4","tBodyGyroJerkMag-arCoeff()1","TimeDomainBodyGyroscopeJerkMagnitute.arCoeff1"
"263",263,TRUE,NA,NA,TRUE,TRUE,NA,TRUE,TRUE,"2","arCoeff","Autorregresion coefficients with Burg order equal to 4","tBodyGyroJerkMag-arCoeff()2","TimeDomainBodyGyroscopeJerkMagnitute.arCoeff2"
"264",264,TRUE,NA,NA,TRUE,TRUE,NA,TRUE,TRUE,"3","arCoeff","Autorregresion coefficients with Burg order equal to 4","tBodyGyroJerkMag-arCoeff()3","TimeDomainBodyGyroscopeJerkMagnitute.arCoeff3"
"265",265,TRUE,NA,NA,TRUE,TRUE,NA,TRUE,TRUE,"4","arCoeff","Autorregresion coefficients with Burg order equal to 4","tBodyGyroJerkMag-arCoeff()4","TimeDomainBodyGyroscopeJerkMagnitute.arCoeff4"
"266",266,NA,TRUE,TRUE,NA,TRUE,NA,NA,NA,"X","mean","Mean value","fBodyAcc-mean()-X","FrequencyDomainBodyAcceleration.mean.X"
"267",267,NA,TRUE,TRUE,NA,TRUE,NA,NA,NA,"Y","mean","Mean value","fBodyAcc-mean()-Y","FrequencyDomainBodyAcceleration.mean.Y"
"268",268,NA,TRUE,TRUE,NA,TRUE,NA,NA,NA,"Z","mean","Mean value","fBodyAcc-mean()-Z","FrequencyDomainBodyAcceleration.mean.Z"
"269",269,NA,TRUE,TRUE,NA,TRUE,NA,NA,NA,"X","std","Standard deviation","fBodyAcc-std()-X","FrequencyDomainBodyAcceleration.std.X"
"270",270,NA,TRUE,TRUE,NA,TRUE,NA,NA,NA,"Y","std","Standard deviation","fBodyAcc-std()-Y","FrequencyDomainBodyAcceleration.std.Y"
"271",271,NA,TRUE,TRUE,NA,TRUE,NA,NA,NA,"Z","std","Standard deviation","fBodyAcc-std()-Z","FrequencyDomainBodyAcceleration.std.Z"
"272",272,NA,TRUE,TRUE,NA,TRUE,NA,NA,NA,"X","mad","Median absolute deviation ","fBodyAcc-mad()-X","FrequencyDomainBodyAcceleration.mad.X"
"273",273,NA,TRUE,TRUE,NA,TRUE,NA,NA,NA,"Y","mad","Median absolute deviation ","fBodyAcc-mad()-Y","FrequencyDomainBodyAcceleration.mad.Y"
"274",274,NA,TRUE,TRUE,NA,TRUE,NA,NA,NA,"Z","mad","Median absolute deviation ","fBodyAcc-mad()-Z","FrequencyDomainBodyAcceleration.mad.Z"
"275",275,NA,TRUE,TRUE,NA,TRUE,NA,NA,NA,"X","max","Largest value in array","fBodyAcc-max()-X","FrequencyDomainBodyAcceleration.max.X"
"276",276,NA,TRUE,TRUE,NA,TRUE,NA,NA,NA,"Y","max","Largest value in array","fBodyAcc-max()-Y","FrequencyDomainBodyAcceleration.max.Y"
"277",277,NA,TRUE,TRUE,NA,TRUE,NA,NA,NA,"Z","max","Largest value in array","fBodyAcc-max()-Z","FrequencyDomainBodyAcceleration.max.Z"
"278",278,NA,TRUE,TRUE,NA,TRUE,NA,NA,NA,"X","min","Smallest value in array","fBodyAcc-min()-X","FrequencyDomainBodyAcceleration.min.X"
"279",279,NA,TRUE,TRUE,NA,TRUE,NA,NA,NA,"Y","min","Smallest value in array","fBodyAcc-min()-Y","FrequencyDomainBodyAcceleration.min.Y"
"280",280,NA,TRUE,TRUE,NA,TRUE,NA,NA,NA,"Z","min","Smallest value in array","fBodyAcc-min()-Z","FrequencyDomainBodyAcceleration.min.Z"
"281",281,NA,TRUE,TRUE,NA,TRUE,NA,NA,NA,NA,"sma","Signal magnitude area","fBodyAcc-sma()","FrequencyDomainBodyAcceleration.sma"
"282",282,NA,TRUE,TRUE,NA,TRUE,NA,NA,NA,"X",NA,NA,"fBodyAcc-energy()-X","FrequencyDomainBodyAcceleration.energy.X"
"283",283,NA,TRUE,TRUE,NA,TRUE,NA,NA,NA,"Y",NA,NA,"fBodyAcc-energy()-Y","FrequencyDomainBodyAcceleration.energy.Y"
"284",284,NA,TRUE,TRUE,NA,TRUE,NA,NA,NA,"Z",NA,NA,"fBodyAcc-energy()-Z","FrequencyDomainBodyAcceleration.energy.Z"
"285",285,NA,TRUE,TRUE,NA,TRUE,NA,NA,NA,"X","iqr","Interquartile range ","fBodyAcc-iqr()-X","FrequencyDomainBodyAcceleration.iqr.X"
"286",286,NA,TRUE,TRUE,NA,TRUE,NA,NA,NA,"Y","iqr","Interquartile range ","fBodyAcc-iqr()-Y","FrequencyDomainBodyAcceleration.iqr.Y"
"287",287,NA,TRUE,TRUE,NA,TRUE,NA,NA,NA,"Z","iqr","Interquartile range ","fBodyAcc-iqr()-Z","FrequencyDomainBodyAcceleration.iqr.Z"
"288",288,NA,TRUE,TRUE,NA,TRUE,NA,NA,NA,"X","entropy","Signal entropy","fBodyAcc-entropy()-X","FrequencyDomainBodyAcceleration.entropy.X"
"289",289,NA,TRUE,TRUE,NA,TRUE,NA,NA,NA,"Y","entropy","Signal entropy","fBodyAcc-entropy()-Y","FrequencyDomainBodyAcceleration.entropy.Y"
"290",290,NA,TRUE,TRUE,NA,TRUE,NA,NA,NA,"Z","entropy","Signal entropy","fBodyAcc-entropy()-Z","FrequencyDomainBodyAcceleration.entropy.Z"
"291",291,NA,TRUE,TRUE,NA,TRUE,NA,NA,NA,"X","max","Largest value in array","fBodyAcc-maxInds-X","FrequencyDomainBodyAcceleration.maxInds.X"
"292",292,NA,TRUE,TRUE,NA,TRUE,NA,NA,NA,"Y","max","Largest value in array","fBodyAcc-maxInds-Y","FrequencyDomainBodyAcceleration.maxInds.Y"
"293",293,NA,TRUE,TRUE,NA,TRUE,NA,NA,NA,"Z","max","Largest value in array","fBodyAcc-maxInds-Z","FrequencyDomainBodyAcceleration.maxInds.Z"
"294",294,NA,TRUE,TRUE,NA,TRUE,NA,NA,NA,"X","meanFreq","Weighted average of the frequency components to obtain a mean frequency","fBodyAcc-meanFreq()-X","FrequencyDomainBodyAcceleration.meanFreq.X"
"295",295,NA,TRUE,TRUE,NA,TRUE,NA,NA,NA,"Y","meanFreq","Weighted average of the frequency components to obtain a mean frequency","fBodyAcc-meanFreq()-Y","FrequencyDomainBodyAcceleration.meanFreq.Y"
"296",296,NA,TRUE,TRUE,NA,TRUE,NA,NA,NA,"Z","meanFreq","Weighted average of the frequency components to obtain a mean frequency","fBodyAcc-meanFreq()-Z","FrequencyDomainBodyAcceleration.meanFreq.Z"
"297",297,NA,TRUE,TRUE,NA,TRUE,NA,NA,NA,"X","skewness","skewness of the frequency domain signal ","fBodyAcc-skewness()-X","FrequencyDomainBodyAcceleration.skewness.X"
"298",298,NA,TRUE,TRUE,NA,TRUE,NA,NA,NA,"X","kurtosis","kurtosis of the frequency domain signal ","fBodyAcc-kurtosis()-X","FrequencyDomainBodyAcceleration.kurtosis.X"
"299",299,NA,TRUE,TRUE,NA,TRUE,NA,NA,NA,"Y","skewness","skewness of the frequency domain signal ","fBodyAcc-skewness()-Y","FrequencyDomainBodyAcceleration.skewness.Y"
"300",300,NA,TRUE,TRUE,NA,TRUE,NA,NA,NA,"Y","kurtosis","kurtosis of the frequency domain signal ","fBodyAcc-kurtosis()-Y","FrequencyDomainBodyAcceleration.kurtosis.Y"
"301",301,NA,TRUE,TRUE,NA,TRUE,NA,NA,NA,"Z","skewness","skewness of the frequency domain signal ","fBodyAcc-skewness()-Z","FrequencyDomainBodyAcceleration.skewness.Z"
"302",302,NA,TRUE,TRUE,NA,TRUE,NA,NA,NA,"Z","kurtosis","kurtosis of the frequency domain signal ","fBodyAcc-kurtosis()-Z","FrequencyDomainBodyAcceleration.kurtosis.Z"
"303",303,NA,TRUE,TRUE,NA,TRUE,NA,NA,NA,"1,8","bandsEnergy","Energy of a frequency interval within the 64 bins of the FFT of each window.","fBodyAcc-bandsEnergy()-1,8","FrequencyDomainBodyAcceleration.bandsEnergy.1x8"
"304",304,NA,TRUE,TRUE,NA,TRUE,NA,NA,NA,"9,16","bandsEnergy","Energy of a frequency interval within the 64 bins of the FFT of each window.","fBodyAcc-bandsEnergy()-9,16","FrequencyDomainBodyAcceleration.bandsEnergy.9x16"
"305",305,NA,TRUE,TRUE,NA,TRUE,NA,NA,NA,"17,24","bandsEnergy","Energy of a frequency interval within the 64 bins of the FFT of each window.","fBodyAcc-bandsEnergy()-17,24","FrequencyDomainBodyAcceleration.bandsEnergy.17x24"
"306",306,NA,TRUE,TRUE,NA,TRUE,NA,NA,NA,"25,32","bandsEnergy","Energy of a frequency interval within the 64 bins of the FFT of each window.","fBodyAcc-bandsEnergy()-25,32","FrequencyDomainBodyAcceleration.bandsEnergy.25x32"
"307",307,NA,TRUE,TRUE,NA,TRUE,NA,NA,NA,"33,40","bandsEnergy","Energy of a frequency interval within the 64 bins of the FFT of each window.","fBodyAcc-bandsEnergy()-33,40","FrequencyDomainBodyAcceleration.bandsEnergy.33x40"
"308",308,NA,TRUE,TRUE,NA,TRUE,NA,NA,NA,"41,48","bandsEnergy","Energy of a frequency interval within the 64 bins of the FFT of each window.","fBodyAcc-bandsEnergy()-41,48","FrequencyDomainBodyAcceleration.bandsEnergy.41x48"
"309",309,NA,TRUE,TRUE,NA,TRUE,NA,NA,NA,"49,56","bandsEnergy","Energy of a frequency interval within the 64 bins of the FFT of each window.","fBodyAcc-bandsEnergy()-49,56","FrequencyDomainBodyAcceleration.bandsEnergy.49x56"
"310",310,NA,TRUE,TRUE,NA,TRUE,NA,NA,NA,"57,64","bandsEnergy","Energy of a frequency interval within the 64 bins of the FFT of each window.","fBodyAcc-bandsEnergy()-57,64","FrequencyDomainBodyAcceleration.bandsEnergy.57x64"
"311",311,NA,TRUE,TRUE,NA,TRUE,NA,NA,NA,"1,16","bandsEnergy","Energy of a frequency interval within the 64 bins of the FFT of each window.","fBodyAcc-bandsEnergy()-1,16","FrequencyDomainBodyAcceleration.bandsEnergy.1x16"
"312",312,NA,TRUE,TRUE,NA,TRUE,NA,NA,NA,"17,32","bandsEnergy","Energy of a frequency interval within the 64 bins of the FFT of each window.","fBodyAcc-bandsEnergy()-17,32","FrequencyDomainBodyAcceleration.bandsEnergy.17x32"
"313",313,NA,TRUE,TRUE,NA,TRUE,NA,NA,NA,"33,48","bandsEnergy","Energy of a frequency interval within the 64 bins of the FFT of each window.","fBodyAcc-bandsEnergy()-33,48","FrequencyDomainBodyAcceleration.bandsEnergy.33x48"
"314",314,NA,TRUE,TRUE,NA,TRUE,NA,NA,NA,"49,64","bandsEnergy","Energy of a frequency interval within the 64 bins of the FFT of each window.","fBodyAcc-bandsEnergy()-49,64","FrequencyDomainBodyAcceleration.bandsEnergy.49x64"
"315",315,NA,TRUE,TRUE,NA,TRUE,NA,NA,NA,"1,24","bandsEnergy","Energy of a frequency interval within the 64 bins of the FFT of each window.","fBodyAcc-bandsEnergy()-1,24","FrequencyDomainBodyAcceleration.bandsEnergy.1x24"
"316",316,NA,TRUE,TRUE,NA,TRUE,NA,NA,NA,"25,48","bandsEnergy","Energy of a frequency interval within the 64 bins of the FFT of each window.","fBodyAcc-bandsEnergy()-25,48","FrequencyDomainBodyAcceleration.bandsEnergy.25x48"
"317",317,NA,TRUE,TRUE,NA,TRUE,NA,NA,NA,"1,8","bandsEnergy","Energy of a frequency interval within the 64 bins of the FFT of each window.","fBodyAcc-bandsEnergy()-1,8","FrequencyDomainBodyAcceleration.bandsEnergy.1x8"
"318",318,NA,TRUE,TRUE,NA,TRUE,NA,NA,NA,"9,16","bandsEnergy","Energy of a frequency interval within the 64 bins of the FFT of each window.","fBodyAcc-bandsEnergy()-9,16","FrequencyDomainBodyAcceleration.bandsEnergy.9x16"
"319",319,NA,TRUE,TRUE,NA,TRUE,NA,NA,NA,"17,24","bandsEnergy","Energy of a frequency interval within the 64 bins of the FFT of each window.","fBodyAcc-bandsEnergy()-17,24","FrequencyDomainBodyAcceleration.bandsEnergy.17x24"
"320",320,NA,TRUE,TRUE,NA,TRUE,NA,NA,NA,"25,32","bandsEnergy","Energy of a frequency interval within the 64 bins of the FFT of each window.","fBodyAcc-bandsEnergy()-25,32","FrequencyDomainBodyAcceleration.bandsEnergy.25x32"
"321",321,NA,TRUE,TRUE,NA,TRUE,NA,NA,NA,"33,40","bandsEnergy","Energy of a frequency interval within the 64 bins of the FFT of each window.","fBodyAcc-bandsEnergy()-33,40","FrequencyDomainBodyAcceleration.bandsEnergy.33x40"
"322",322,NA,TRUE,TRUE,NA,TRUE,NA,NA,NA,"41,48","bandsEnergy","Energy of a frequency interval within the 64 bins of the FFT of each window.","fBodyAcc-bandsEnergy()-41,48","FrequencyDomainBodyAcceleration.bandsEnergy.41x48"
"323",323,NA,TRUE,TRUE,NA,TRUE,NA,NA,NA,"49,56","bandsEnergy","Energy of a frequency interval within the 64 bins of the FFT of each window.","fBodyAcc-bandsEnergy()-49,56","FrequencyDomainBodyAcceleration.bandsEnergy.49x56"
"324",324,NA,TRUE,TRUE,NA,TRUE,NA,NA,NA,"57,64","bandsEnergy","Energy of a frequency interval within the 64 bins of the FFT of each window.","fBodyAcc-bandsEnergy()-57,64","FrequencyDomainBodyAcceleration.bandsEnergy.57x64"
"325",325,NA,TRUE,TRUE,NA,TRUE,NA,NA,NA,"1,16","bandsEnergy","Energy of a frequency interval within the 64 bins of the FFT of each window.","fBodyAcc-bandsEnergy()-1,16","FrequencyDomainBodyAcceleration.bandsEnergy.1x16"
"326",326,NA,TRUE,TRUE,NA,TRUE,NA,NA,NA,"17,32","bandsEnergy","Energy of a frequency interval within the 64 bins of the FFT of each window.","fBodyAcc-bandsEnergy()-17,32","FrequencyDomainBodyAcceleration.bandsEnergy.17x32"
"327",327,NA,TRUE,TRUE,NA,TRUE,NA,NA,NA,"33,48","bandsEnergy","Energy of a frequency interval within the 64 bins of the FFT of each window.","fBodyAcc-bandsEnergy()-33,48","FrequencyDomainBodyAcceleration.bandsEnergy.33x48"
"328",328,NA,TRUE,TRUE,NA,TRUE,NA,NA,NA,"49,64","bandsEnergy","Energy of a frequency interval within the 64 bins of the FFT of each window.","fBodyAcc-bandsEnergy()-49,64","FrequencyDomainBodyAcceleration.bandsEnergy.49x64"
"329",329,NA,TRUE,TRUE,NA,TRUE,NA,NA,NA,"1,24","bandsEnergy","Energy of a frequency interval within the 64 bins of the FFT of each window.","fBodyAcc-bandsEnergy()-1,24","FrequencyDomainBodyAcceleration.bandsEnergy.1x24"
"330",330,NA,TRUE,TRUE,NA,TRUE,NA,NA,NA,"25,48","bandsEnergy","Energy of a frequency interval within the 64 bins of the FFT of each window.","fBodyAcc-bandsEnergy()-25,48","FrequencyDomainBodyAcceleration.bandsEnergy.25x48"
"331",331,NA,TRUE,TRUE,NA,TRUE,NA,NA,NA,"1,8","bandsEnergy","Energy of a frequency interval within the 64 bins of the FFT of each window.","fBodyAcc-bandsEnergy()-1,8","FrequencyDomainBodyAcceleration.bandsEnergy.1x8"
"332",332,NA,TRUE,TRUE,NA,TRUE,NA,NA,NA,"9,16","bandsEnergy","Energy of a frequency interval within the 64 bins of the FFT of each window.","fBodyAcc-bandsEnergy()-9,16","FrequencyDomainBodyAcceleration.bandsEnergy.9x16"
"333",333,NA,TRUE,TRUE,NA,TRUE,NA,NA,NA,"17,24","bandsEnergy","Energy of a frequency interval within the 64 bins of the FFT of each window.","fBodyAcc-bandsEnergy()-17,24","FrequencyDomainBodyAcceleration.bandsEnergy.17x24"
"334",334,NA,TRUE,TRUE,NA,TRUE,NA,NA,NA,"25,32","bandsEnergy","Energy of a frequency interval within the 64 bins of the FFT of each window.","fBodyAcc-bandsEnergy()-25,32","FrequencyDomainBodyAcceleration.bandsEnergy.25x32"
"335",335,NA,TRUE,TRUE,NA,TRUE,NA,NA,NA,"33,40","bandsEnergy","Energy of a frequency interval within the 64 bins of the FFT of each window.","fBodyAcc-bandsEnergy()-33,40","FrequencyDomainBodyAcceleration.bandsEnergy.33x40"
"336",336,NA,TRUE,TRUE,NA,TRUE,NA,NA,NA,"41,48","bandsEnergy","Energy of a frequency interval within the 64 bins of the FFT of each window.","fBodyAcc-bandsEnergy()-41,48","FrequencyDomainBodyAcceleration.bandsEnergy.41x48"
"337",337,NA,TRUE,TRUE,NA,TRUE,NA,NA,NA,"49,56","bandsEnergy","Energy of a frequency interval within the 64 bins of the FFT of each window.","fBodyAcc-bandsEnergy()-49,56","FrequencyDomainBodyAcceleration.bandsEnergy.49x56"
"338",338,NA,TRUE,TRUE,NA,TRUE,NA,NA,NA,"57,64","bandsEnergy","Energy of a frequency interval within the 64 bins of the FFT of each window.","fBodyAcc-bandsEnergy()-57,64","FrequencyDomainBodyAcceleration.bandsEnergy.57x64"
"339",339,NA,TRUE,TRUE,NA,TRUE,NA,NA,NA,"1,16","bandsEnergy","Energy of a frequency interval within the 64 bins of the FFT of each window.","fBodyAcc-bandsEnergy()-1,16","FrequencyDomainBodyAcceleration.bandsEnergy.1x16"
"340",340,NA,TRUE,TRUE,NA,TRUE,NA,NA,NA,"17,32","bandsEnergy","Energy of a frequency interval within the 64 bins of the FFT of each window.","fBodyAcc-bandsEnergy()-17,32","FrequencyDomainBodyAcceleration.bandsEnergy.17x32"
"341",341,NA,TRUE,TRUE,NA,TRUE,NA,NA,NA,"33,48","bandsEnergy","Energy of a frequency interval within the 64 bins of the FFT of each window.","fBodyAcc-bandsEnergy()-33,48","FrequencyDomainBodyAcceleration.bandsEnergy.33x48"
"342",342,NA,TRUE,TRUE,NA,TRUE,NA,NA,NA,"49,64","bandsEnergy","Energy of a frequency interval within the 64 bins of the FFT of each window.","fBodyAcc-bandsEnergy()-49,64","FrequencyDomainBodyAcceleration.bandsEnergy.49x64"
"343",343,NA,TRUE,TRUE,NA,TRUE,NA,NA,NA,"1,24","bandsEnergy","Energy of a frequency interval within the 64 bins of the FFT of each window.","fBodyAcc-bandsEnergy()-1,24","FrequencyDomainBodyAcceleration.bandsEnergy.1x24"
"344",344,NA,TRUE,TRUE,NA,TRUE,NA,NA,NA,"25,48","bandsEnergy","Energy of a frequency interval within the 64 bins of the FFT of each window.","fBodyAcc-bandsEnergy()-25,48","FrequencyDomainBodyAcceleration.bandsEnergy.25x48"
"345",345,NA,TRUE,TRUE,NA,TRUE,NA,TRUE,NA,"X","mean","Mean value","fBodyAccJerk-mean()-X","FrequencyDomainBodyAccelerationJerk.mean.X"
"346",346,NA,TRUE,TRUE,NA,TRUE,NA,TRUE,NA,"Y","mean","Mean value","fBodyAccJerk-mean()-Y","FrequencyDomainBodyAccelerationJerk.mean.Y"
"347",347,NA,TRUE,TRUE,NA,TRUE,NA,TRUE,NA,"Z","mean","Mean value","fBodyAccJerk-mean()-Z","FrequencyDomainBodyAccelerationJerk.mean.Z"
"348",348,NA,TRUE,TRUE,NA,TRUE,NA,TRUE,NA,"X","std","Standard deviation","fBodyAccJerk-std()-X","FrequencyDomainBodyAccelerationJerk.std.X"
"349",349,NA,TRUE,TRUE,NA,TRUE,NA,TRUE,NA,"Y","std","Standard deviation","fBodyAccJerk-std()-Y","FrequencyDomainBodyAccelerationJerk.std.Y"
"350",350,NA,TRUE,TRUE,NA,TRUE,NA,TRUE,NA,"Z","std","Standard deviation","fBodyAccJerk-std()-Z","FrequencyDomainBodyAccelerationJerk.std.Z"
"351",351,NA,TRUE,TRUE,NA,TRUE,NA,TRUE,NA,"X","mad","Median absolute deviation ","fBodyAccJerk-mad()-X","FrequencyDomainBodyAccelerationJerk.mad.X"
"352",352,NA,TRUE,TRUE,NA,TRUE,NA,TRUE,NA,"Y","mad","Median absolute deviation ","fBodyAccJerk-mad()-Y","FrequencyDomainBodyAccelerationJerk.mad.Y"
"353",353,NA,TRUE,TRUE,NA,TRUE,NA,TRUE,NA,"Z","mad","Median absolute deviation ","fBodyAccJerk-mad()-Z","FrequencyDomainBodyAccelerationJerk.mad.Z"
"354",354,NA,TRUE,TRUE,NA,TRUE,NA,TRUE,NA,"X","max","Largest value in array","fBodyAccJerk-max()-X","FrequencyDomainBodyAccelerationJerk.max.X"
"355",355,NA,TRUE,TRUE,NA,TRUE,NA,TRUE,NA,"Y","max","Largest value in array","fBodyAccJerk-max()-Y","FrequencyDomainBodyAccelerationJerk.max.Y"
"356",356,NA,TRUE,TRUE,NA,TRUE,NA,TRUE,NA,"Z","max","Largest value in array","fBodyAccJerk-max()-Z","FrequencyDomainBodyAccelerationJerk.max.Z"
"357",357,NA,TRUE,TRUE,NA,TRUE,NA,TRUE,NA,"X","min","Smallest value in array","fBodyAccJerk-min()-X","FrequencyDomainBodyAccelerationJerk.min.X"
"358",358,NA,TRUE,TRUE,NA,TRUE,NA,TRUE,NA,"Y","min","Smallest value in array","fBodyAccJerk-min()-Y","FrequencyDomainBodyAccelerationJerk.min.Y"
"359",359,NA,TRUE,TRUE,NA,TRUE,NA,TRUE,NA,"Z","min","Smallest value in array","fBodyAccJerk-min()-Z","FrequencyDomainBodyAccelerationJerk.min.Z"
"360",360,NA,TRUE,TRUE,NA,TRUE,NA,TRUE,NA,NA,"sma","Signal magnitude area","fBodyAccJerk-sma()","FrequencyDomainBodyAccelerationJerk.sma"
"361",361,NA,TRUE,TRUE,NA,TRUE,NA,TRUE,NA,"X",NA,NA,"fBodyAccJerk-energy()-X","FrequencyDomainBodyAccelerationJerk.energy.X"
"362",362,NA,TRUE,TRUE,NA,TRUE,NA,TRUE,NA,"Y",NA,NA,"fBodyAccJerk-energy()-Y","FrequencyDomainBodyAccelerationJerk.energy.Y"
"363",363,NA,TRUE,TRUE,NA,TRUE,NA,TRUE,NA,"Z",NA,NA,"fBodyAccJerk-energy()-Z","FrequencyDomainBodyAccelerationJerk.energy.Z"
"364",364,NA,TRUE,TRUE,NA,TRUE,NA,TRUE,NA,"X","iqr","Interquartile range ","fBodyAccJerk-iqr()-X","FrequencyDomainBodyAccelerationJerk.iqr.X"
"365",365,NA,TRUE,TRUE,NA,TRUE,NA,TRUE,NA,"Y","iqr","Interquartile range ","fBodyAccJerk-iqr()-Y","FrequencyDomainBodyAccelerationJerk.iqr.Y"
"366",366,NA,TRUE,TRUE,NA,TRUE,NA,TRUE,NA,"Z","iqr","Interquartile range ","fBodyAccJerk-iqr()-Z","FrequencyDomainBodyAccelerationJerk.iqr.Z"
"367",367,NA,TRUE,TRUE,NA,TRUE,NA,TRUE,NA,"X","entropy","Signal entropy","fBodyAccJerk-entropy()-X","FrequencyDomainBodyAccelerationJerk.entropy.X"
"368",368,NA,TRUE,TRUE,NA,TRUE,NA,TRUE,NA,"Y","entropy","Signal entropy","fBodyAccJerk-entropy()-Y","FrequencyDomainBodyAccelerationJerk.entropy.Y"
"369",369,NA,TRUE,TRUE,NA,TRUE,NA,TRUE,NA,"Z","entropy","Signal entropy","fBodyAccJerk-entropy()-Z","FrequencyDomainBodyAccelerationJerk.entropy.Z"
"370",370,NA,TRUE,TRUE,NA,TRUE,NA,TRUE,NA,"X","max","Largest value in array","fBodyAccJerk-maxInds-X","FrequencyDomainBodyAccelerationJerk.maxInds.X"
"371",371,NA,TRUE,TRUE,NA,TRUE,NA,TRUE,NA,"Y","max","Largest value in array","fBodyAccJerk-maxInds-Y","FrequencyDomainBodyAccelerationJerk.maxInds.Y"
"372",372,NA,TRUE,TRUE,NA,TRUE,NA,TRUE,NA,"Z","max","Largest value in array","fBodyAccJerk-maxInds-Z","FrequencyDomainBodyAccelerationJerk.maxInds.Z"
"373",373,NA,TRUE,TRUE,NA,TRUE,NA,TRUE,NA,"X","meanFreq","Weighted average of the frequency components to obtain a mean frequency","fBodyAccJerk-meanFreq()-X","FrequencyDomainBodyAccelerationJerk.meanFreq.X"
"374",374,NA,TRUE,TRUE,NA,TRUE,NA,TRUE,NA,"Y","meanFreq","Weighted average of the frequency components to obtain a mean frequency","fBodyAccJerk-meanFreq()-Y","FrequencyDomainBodyAccelerationJerk.meanFreq.Y"
"375",375,NA,TRUE,TRUE,NA,TRUE,NA,TRUE,NA,"Z","meanFreq","Weighted average of the frequency components to obtain a mean frequency","fBodyAccJerk-meanFreq()-Z","FrequencyDomainBodyAccelerationJerk.meanFreq.Z"
"376",376,NA,TRUE,TRUE,NA,TRUE,NA,TRUE,NA,"X","skewness","skewness of the frequency domain signal ","fBodyAccJerk-skewness()-X","FrequencyDomainBodyAccelerationJerk.skewness.X"
"377",377,NA,TRUE,TRUE,NA,TRUE,NA,TRUE,NA,"X","kurtosis","kurtosis of the frequency domain signal ","fBodyAccJerk-kurtosis()-X","FrequencyDomainBodyAccelerationJerk.kurtosis.X"
"378",378,NA,TRUE,TRUE,NA,TRUE,NA,TRUE,NA,"Y","skewness","skewness of the frequency domain signal ","fBodyAccJerk-skewness()-Y","FrequencyDomainBodyAccelerationJerk.skewness.Y"
"379",379,NA,TRUE,TRUE,NA,TRUE,NA,TRUE,NA,"Y","kurtosis","kurtosis of the frequency domain signal ","fBodyAccJerk-kurtosis()-Y","FrequencyDomainBodyAccelerationJerk.kurtosis.Y"
"380",380,NA,TRUE,TRUE,NA,TRUE,NA,TRUE,NA,"Z","skewness","skewness of the frequency domain signal ","fBodyAccJerk-skewness()-Z","FrequencyDomainBodyAccelerationJerk.skewness.Z"
"381",381,NA,TRUE,TRUE,NA,TRUE,NA,TRUE,NA,"Z","kurtosis","kurtosis of the frequency domain signal ","fBodyAccJerk-kurtosis()-Z","FrequencyDomainBodyAccelerationJerk.kurtosis.Z"
"382",382,NA,TRUE,TRUE,NA,TRUE,NA,TRUE,NA,"1,8","bandsEnergy","Energy of a frequency interval within the 64 bins of the FFT of each window.","fBodyAccJerk-bandsEnergy()-1,8","FrequencyDomainBodyAccelerationJerk.bandsEnergy.1x8"
"383",383,NA,TRUE,TRUE,NA,TRUE,NA,TRUE,NA,"9,16","bandsEnergy","Energy of a frequency interval within the 64 bins of the FFT of each window.","fBodyAccJerk-bandsEnergy()-9,16","FrequencyDomainBodyAccelerationJerk.bandsEnergy.9x16"
"384",384,NA,TRUE,TRUE,NA,TRUE,NA,TRUE,NA,"17,24","bandsEnergy","Energy of a frequency interval within the 64 bins of the FFT of each window.","fBodyAccJerk-bandsEnergy()-17,24","FrequencyDomainBodyAccelerationJerk.bandsEnergy.17x24"
"385",385,NA,TRUE,TRUE,NA,TRUE,NA,TRUE,NA,"25,32","bandsEnergy","Energy of a frequency interval within the 64 bins of the FFT of each window.","fBodyAccJerk-bandsEnergy()-25,32","FrequencyDomainBodyAccelerationJerk.bandsEnergy.25x32"
"386",386,NA,TRUE,TRUE,NA,TRUE,NA,TRUE,NA,"33,40","bandsEnergy","Energy of a frequency interval within the 64 bins of the FFT of each window.","fBodyAccJerk-bandsEnergy()-33,40","FrequencyDomainBodyAccelerationJerk.bandsEnergy.33x40"
"387",387,NA,TRUE,TRUE,NA,TRUE,NA,TRUE,NA,"41,48","bandsEnergy","Energy of a frequency interval within the 64 bins of the FFT of each window.","fBodyAccJerk-bandsEnergy()-41,48","FrequencyDomainBodyAccelerationJerk.bandsEnergy.41x48"
"388",388,NA,TRUE,TRUE,NA,TRUE,NA,TRUE,NA,"49,56","bandsEnergy","Energy of a frequency interval within the 64 bins of the FFT of each window.","fBodyAccJerk-bandsEnergy()-49,56","FrequencyDomainBodyAccelerationJerk.bandsEnergy.49x56"
"389",389,NA,TRUE,TRUE,NA,TRUE,NA,TRUE,NA,"57,64","bandsEnergy","Energy of a frequency interval within the 64 bins of the FFT of each window.","fBodyAccJerk-bandsEnergy()-57,64","FrequencyDomainBodyAccelerationJerk.bandsEnergy.57x64"
"390",390,NA,TRUE,TRUE,NA,TRUE,NA,TRUE,NA,"1,16","bandsEnergy","Energy of a frequency interval within the 64 bins of the FFT of each window.","fBodyAccJerk-bandsEnergy()-1,16","FrequencyDomainBodyAccelerationJerk.bandsEnergy.1x16"
"391",391,NA,TRUE,TRUE,NA,TRUE,NA,TRUE,NA,"17,32","bandsEnergy","Energy of a frequency interval within the 64 bins of the FFT of each window.","fBodyAccJerk-bandsEnergy()-17,32","FrequencyDomainBodyAccelerationJerk.bandsEnergy.17x32"
"392",392,NA,TRUE,TRUE,NA,TRUE,NA,TRUE,NA,"33,48","bandsEnergy","Energy of a frequency interval within the 64 bins of the FFT of each window.","fBodyAccJerk-bandsEnergy()-33,48","FrequencyDomainBodyAccelerationJerk.bandsEnergy.33x48"
"393",393,NA,TRUE,TRUE,NA,TRUE,NA,TRUE,NA,"49,64","bandsEnergy","Energy of a frequency interval within the 64 bins of the FFT of each window.","fBodyAccJerk-bandsEnergy()-49,64","FrequencyDomainBodyAccelerationJerk.bandsEnergy.49x64"
"394",394,NA,TRUE,TRUE,NA,TRUE,NA,TRUE,NA,"1,24","bandsEnergy","Energy of a frequency interval within the 64 bins of the FFT of each window.","fBodyAccJerk-bandsEnergy()-1,24","FrequencyDomainBodyAccelerationJerk.bandsEnergy.1x24"
"395",395,NA,TRUE,TRUE,NA,TRUE,NA,TRUE,NA,"25,48","bandsEnergy","Energy of a frequency interval within the 64 bins of the FFT of each window.","fBodyAccJerk-bandsEnergy()-25,48","FrequencyDomainBodyAccelerationJerk.bandsEnergy.25x48"
"396",396,NA,TRUE,TRUE,NA,TRUE,NA,TRUE,NA,"1,8","bandsEnergy","Energy of a frequency interval within the 64 bins of the FFT of each window.","fBodyAccJerk-bandsEnergy()-1,8","FrequencyDomainBodyAccelerationJerk.bandsEnergy.1x8"
"397",397,NA,TRUE,TRUE,NA,TRUE,NA,TRUE,NA,"9,16","bandsEnergy","Energy of a frequency interval within the 64 bins of the FFT of each window.","fBodyAccJerk-bandsEnergy()-9,16","FrequencyDomainBodyAccelerationJerk.bandsEnergy.9x16"
"398",398,NA,TRUE,TRUE,NA,TRUE,NA,TRUE,NA,"17,24","bandsEnergy","Energy of a frequency interval within the 64 bins of the FFT of each window.","fBodyAccJerk-bandsEnergy()-17,24","FrequencyDomainBodyAccelerationJerk.bandsEnergy.17x24"
"399",399,NA,TRUE,TRUE,NA,TRUE,NA,TRUE,NA,"25,32","bandsEnergy","Energy of a frequency interval within the 64 bins of the FFT of each window.","fBodyAccJerk-bandsEnergy()-25,32","FrequencyDomainBodyAccelerationJerk.bandsEnergy.25x32"
"400",400,NA,TRUE,TRUE,NA,TRUE,NA,TRUE,NA,"33,40","bandsEnergy","Energy of a frequency interval within the 64 bins of the FFT of each window.","fBodyAccJerk-bandsEnergy()-33,40","FrequencyDomainBodyAccelerationJerk.bandsEnergy.33x40"
"401",401,NA,TRUE,TRUE,NA,TRUE,NA,TRUE,NA,"41,48","bandsEnergy","Energy of a frequency interval within the 64 bins of the FFT of each window.","fBodyAccJerk-bandsEnergy()-41,48","FrequencyDomainBodyAccelerationJerk.bandsEnergy.41x48"
"402",402,NA,TRUE,TRUE,NA,TRUE,NA,TRUE,NA,"49,56","bandsEnergy","Energy of a frequency interval within the 64 bins of the FFT of each window.","fBodyAccJerk-bandsEnergy()-49,56","FrequencyDomainBodyAccelerationJerk.bandsEnergy.49x56"
"403",403,NA,TRUE,TRUE,NA,TRUE,NA,TRUE,NA,"57,64","bandsEnergy","Energy of a frequency interval within the 64 bins of the FFT of each window.","fBodyAccJerk-bandsEnergy()-57,64","FrequencyDomainBodyAccelerationJerk.bandsEnergy.57x64"
"404",404,NA,TRUE,TRUE,NA,TRUE,NA,TRUE,NA,"1,16","bandsEnergy","Energy of a frequency interval within the 64 bins of the FFT of each window.","fBodyAccJerk-bandsEnergy()-1,16","FrequencyDomainBodyAccelerationJerk.bandsEnergy.1x16"
"405",405,NA,TRUE,TRUE,NA,TRUE,NA,TRUE,NA,"17,32","bandsEnergy","Energy of a frequency interval within the 64 bins of the FFT of each window.","fBodyAccJerk-bandsEnergy()-17,32","FrequencyDomainBodyAccelerationJerk.bandsEnergy.17x32"
"406",406,NA,TRUE,TRUE,NA,TRUE,NA,TRUE,NA,"33,48","bandsEnergy","Energy of a frequency interval within the 64 bins of the FFT of each window.","fBodyAccJerk-bandsEnergy()-33,48","FrequencyDomainBodyAccelerationJerk.bandsEnergy.33x48"
"407",407,NA,TRUE,TRUE,NA,TRUE,NA,TRUE,NA,"49,64","bandsEnergy","Energy of a frequency interval within the 64 bins of the FFT of each window.","fBodyAccJerk-bandsEnergy()-49,64","FrequencyDomainBodyAccelerationJerk.bandsEnergy.49x64"
"408",408,NA,TRUE,TRUE,NA,TRUE,NA,TRUE,NA,"1,24","bandsEnergy","Energy of a frequency interval within the 64 bins of the FFT of each window.","fBodyAccJerk-bandsEnergy()-1,24","FrequencyDomainBodyAccelerationJerk.bandsEnergy.1x24"
"409",409,NA,TRUE,TRUE,NA,TRUE,NA,TRUE,NA,"25,48","bandsEnergy","Energy of a frequency interval within the 64 bins of the FFT of each window.","fBodyAccJerk-bandsEnergy()-25,48","FrequencyDomainBodyAccelerationJerk.bandsEnergy.25x48"
"410",410,NA,TRUE,TRUE,NA,TRUE,NA,TRUE,NA,"1,8","bandsEnergy","Energy of a frequency interval within the 64 bins of the FFT of each window.","fBodyAccJerk-bandsEnergy()-1,8","FrequencyDomainBodyAccelerationJerk.bandsEnergy.1x8"
"411",411,NA,TRUE,TRUE,NA,TRUE,NA,TRUE,NA,"9,16","bandsEnergy","Energy of a frequency interval within the 64 bins of the FFT of each window.","fBodyAccJerk-bandsEnergy()-9,16","FrequencyDomainBodyAccelerationJerk.bandsEnergy.9x16"
"412",412,NA,TRUE,TRUE,NA,TRUE,NA,TRUE,NA,"17,24","bandsEnergy","Energy of a frequency interval within the 64 bins of the FFT of each window.","fBodyAccJerk-bandsEnergy()-17,24","FrequencyDomainBodyAccelerationJerk.bandsEnergy.17x24"
"413",413,NA,TRUE,TRUE,NA,TRUE,NA,TRUE,NA,"25,32","bandsEnergy","Energy of a frequency interval within the 64 bins of the FFT of each window.","fBodyAccJerk-bandsEnergy()-25,32","FrequencyDomainBodyAccelerationJerk.bandsEnergy.25x32"
"414",414,NA,TRUE,TRUE,NA,TRUE,NA,TRUE,NA,"33,40","bandsEnergy","Energy of a frequency interval within the 64 bins of the FFT of each window.","fBodyAccJerk-bandsEnergy()-33,40","FrequencyDomainBodyAccelerationJerk.bandsEnergy.33x40"
"415",415,NA,TRUE,TRUE,NA,TRUE,NA,TRUE,NA,"41,48","bandsEnergy","Energy of a frequency interval within the 64 bins of the FFT of each window.","fBodyAccJerk-bandsEnergy()-41,48","FrequencyDomainBodyAccelerationJerk.bandsEnergy.41x48"
"416",416,NA,TRUE,TRUE,NA,TRUE,NA,TRUE,NA,"49,56","bandsEnergy","Energy of a frequency interval within the 64 bins of the FFT of each window.","fBodyAccJerk-bandsEnergy()-49,56","FrequencyDomainBodyAccelerationJerk.bandsEnergy.49x56"
"417",417,NA,TRUE,TRUE,NA,TRUE,NA,TRUE,NA,"57,64","bandsEnergy","Energy of a frequency interval within the 64 bins of the FFT of each window.","fBodyAccJerk-bandsEnergy()-57,64","FrequencyDomainBodyAccelerationJerk.bandsEnergy.57x64"
"418",418,NA,TRUE,TRUE,NA,TRUE,NA,TRUE,NA,"1,16","bandsEnergy","Energy of a frequency interval within the 64 bins of the FFT of each window.","fBodyAccJerk-bandsEnergy()-1,16","FrequencyDomainBodyAccelerationJerk.bandsEnergy.1x16"
"419",419,NA,TRUE,TRUE,NA,TRUE,NA,TRUE,NA,"17,32","bandsEnergy","Energy of a frequency interval within the 64 bins of the FFT of each window.","fBodyAccJerk-bandsEnergy()-17,32","FrequencyDomainBodyAccelerationJerk.bandsEnergy.17x32"
"420",420,NA,TRUE,TRUE,NA,TRUE,NA,TRUE,NA,"33,48","bandsEnergy","Energy of a frequency interval within the 64 bins of the FFT of each window.","fBodyAccJerk-bandsEnergy()-33,48","FrequencyDomainBodyAccelerationJerk.bandsEnergy.33x48"
"421",421,NA,TRUE,TRUE,NA,TRUE,NA,TRUE,NA,"49,64","bandsEnergy","Energy of a frequency interval within the 64 bins of the FFT of each window.","fBodyAccJerk-bandsEnergy()-49,64","FrequencyDomainBodyAccelerationJerk.bandsEnergy.49x64"
"422",422,NA,TRUE,TRUE,NA,TRUE,NA,TRUE,NA,"1,24","bandsEnergy","Energy of a frequency interval within the 64 bins of the FFT of each window.","fBodyAccJerk-bandsEnergy()-1,24","FrequencyDomainBodyAccelerationJerk.bandsEnergy.1x24"
"423",423,NA,TRUE,TRUE,NA,TRUE,NA,TRUE,NA,"25,48","bandsEnergy","Energy of a frequency interval within the 64 bins of the FFT of each window.","fBodyAccJerk-bandsEnergy()-25,48","FrequencyDomainBodyAccelerationJerk.bandsEnergy.25x48"
"424",424,NA,TRUE,NA,TRUE,TRUE,NA,NA,NA,"X","mean","Mean value","fBodyGyro-mean()-X","FrequencyDomainBodyGyroscope.mean.X"
"425",425,NA,TRUE,NA,TRUE,TRUE,NA,NA,NA,"Y","mean","Mean value","fBodyGyro-mean()-Y","FrequencyDomainBodyGyroscope.mean.Y"
"426",426,NA,TRUE,NA,TRUE,TRUE,NA,NA,NA,"Z","mean","Mean value","fBodyGyro-mean()-Z","FrequencyDomainBodyGyroscope.mean.Z"
"427",427,NA,TRUE,NA,TRUE,TRUE,NA,NA,NA,"X","std","Standard deviation","fBodyGyro-std()-X","FrequencyDomainBodyGyroscope.std.X"
"428",428,NA,TRUE,NA,TRUE,TRUE,NA,NA,NA,"Y","std","Standard deviation","fBodyGyro-std()-Y","FrequencyDomainBodyGyroscope.std.Y"
"429",429,NA,TRUE,NA,TRUE,TRUE,NA,NA,NA,"Z","std","Standard deviation","fBodyGyro-std()-Z","FrequencyDomainBodyGyroscope.std.Z"
"430",430,NA,TRUE,NA,TRUE,TRUE,NA,NA,NA,"X","mad","Median absolute deviation ","fBodyGyro-mad()-X","FrequencyDomainBodyGyroscope.mad.X"
"431",431,NA,TRUE,NA,TRUE,TRUE,NA,NA,NA,"Y","mad","Median absolute deviation ","fBodyGyro-mad()-Y","FrequencyDomainBodyGyroscope.mad.Y"
"432",432,NA,TRUE,NA,TRUE,TRUE,NA,NA,NA,"Z","mad","Median absolute deviation ","fBodyGyro-mad()-Z","FrequencyDomainBodyGyroscope.mad.Z"
"433",433,NA,TRUE,NA,TRUE,TRUE,NA,NA,NA,"X","max","Largest value in array","fBodyGyro-max()-X","FrequencyDomainBodyGyroscope.max.X"
"434",434,NA,TRUE,NA,TRUE,TRUE,NA,NA,NA,"Y","max","Largest value in array","fBodyGyro-max()-Y","FrequencyDomainBodyGyroscope.max.Y"
"435",435,NA,TRUE,NA,TRUE,TRUE,NA,NA,NA,"Z","max","Largest value in array","fBodyGyro-max()-Z","FrequencyDomainBodyGyroscope.max.Z"
"436",436,NA,TRUE,NA,TRUE,TRUE,NA,NA,NA,"X","min","Smallest value in array","fBodyGyro-min()-X","FrequencyDomainBodyGyroscope.min.X"
"437",437,NA,TRUE,NA,TRUE,TRUE,NA,NA,NA,"Y","min","Smallest value in array","fBodyGyro-min()-Y","FrequencyDomainBodyGyroscope.min.Y"
"438",438,NA,TRUE,NA,TRUE,TRUE,NA,NA,NA,"Z","min","Smallest value in array","fBodyGyro-min()-Z","FrequencyDomainBodyGyroscope.min.Z"
"439",439,NA,TRUE,NA,TRUE,TRUE,NA,NA,NA,NA,"sma","Signal magnitude area","fBodyGyro-sma()","FrequencyDomainBodyGyroscope.sma"
"440",440,NA,TRUE,NA,TRUE,TRUE,NA,NA,NA,"X",NA,NA,"fBodyGyro-energy()-X","FrequencyDomainBodyGyroscope.energy.X"
"441",441,NA,TRUE,NA,TRUE,TRUE,NA,NA,NA,"Y",NA,NA,"fBodyGyro-energy()-Y","FrequencyDomainBodyGyroscope.energy.Y"
"442",442,NA,TRUE,NA,TRUE,TRUE,NA,NA,NA,"Z",NA,NA,"fBodyGyro-energy()-Z","FrequencyDomainBodyGyroscope.energy.Z"
"443",443,NA,TRUE,NA,TRUE,TRUE,NA,NA,NA,"X","iqr","Interquartile range ","fBodyGyro-iqr()-X","FrequencyDomainBodyGyroscope.iqr.X"
"444",444,NA,TRUE,NA,TRUE,TRUE,NA,NA,NA,"Y","iqr","Interquartile range ","fBodyGyro-iqr()-Y","FrequencyDomainBodyGyroscope.iqr.Y"
"445",445,NA,TRUE,NA,TRUE,TRUE,NA,NA,NA,"Z","iqr","Interquartile range ","fBodyGyro-iqr()-Z","FrequencyDomainBodyGyroscope.iqr.Z"
"446",446,NA,TRUE,NA,TRUE,TRUE,NA,NA,NA,"X","entropy","Signal entropy","fBodyGyro-entropy()-X","FrequencyDomainBodyGyroscope.entropy.X"
"447",447,NA,TRUE,NA,TRUE,TRUE,NA,NA,NA,"Y","entropy","Signal entropy","fBodyGyro-entropy()-Y","FrequencyDomainBodyGyroscope.entropy.Y"
"448",448,NA,TRUE,NA,TRUE,TRUE,NA,NA,NA,"Z","entropy","Signal entropy","fBodyGyro-entropy()-Z","FrequencyDomainBodyGyroscope.entropy.Z"
"449",449,NA,TRUE,NA,TRUE,TRUE,NA,NA,NA,"X","max","Largest value in array","fBodyGyro-maxInds-X","FrequencyDomainBodyGyroscope.maxInds.X"
"450",450,NA,TRUE,NA,TRUE,TRUE,NA,NA,NA,"Y","max","Largest value in array","fBodyGyro-maxInds-Y","FrequencyDomainBodyGyroscope.maxInds.Y"
"451",451,NA,TRUE,NA,TRUE,TRUE,NA,NA,NA,"Z","max","Largest value in array","fBodyGyro-maxInds-Z","FrequencyDomainBodyGyroscope.maxInds.Z"
"452",452,NA,TRUE,NA,TRUE,TRUE,NA,NA,NA,"X","meanFreq","Weighted average of the frequency components to obtain a mean frequency","fBodyGyro-meanFreq()-X","FrequencyDomainBodyGyroscope.meanFreq.X"
"453",453,NA,TRUE,NA,TRUE,TRUE,NA,NA,NA,"Y","meanFreq","Weighted average of the frequency components to obtain a mean frequency","fBodyGyro-meanFreq()-Y","FrequencyDomainBodyGyroscope.meanFreq.Y"
"454",454,NA,TRUE,NA,TRUE,TRUE,NA,NA,NA,"Z","meanFreq","Weighted average of the frequency components to obtain a mean frequency","fBodyGyro-meanFreq()-Z","FrequencyDomainBodyGyroscope.meanFreq.Z"
"455",455,NA,TRUE,NA,TRUE,TRUE,NA,NA,NA,"X","skewness","skewness of the frequency domain signal ","fBodyGyro-skewness()-X","FrequencyDomainBodyGyroscope.skewness.X"
"456",456,NA,TRUE,NA,TRUE,TRUE,NA,NA,NA,"X","kurtosis","kurtosis of the frequency domain signal ","fBodyGyro-kurtosis()-X","FrequencyDomainBodyGyroscope.kurtosis.X"
"457",457,NA,TRUE,NA,TRUE,TRUE,NA,NA,NA,"Y","skewness","skewness of the frequency domain signal ","fBodyGyro-skewness()-Y","FrequencyDomainBodyGyroscope.skewness.Y"
"458",458,NA,TRUE,NA,TRUE,TRUE,NA,NA,NA,"Y","kurtosis","kurtosis of the frequency domain signal ","fBodyGyro-kurtosis()-Y","FrequencyDomainBodyGyroscope.kurtosis.Y"
"459",459,NA,TRUE,NA,TRUE,TRUE,NA,NA,NA,"Z","skewness","skewness of the frequency domain signal ","fBodyGyro-skewness()-Z","FrequencyDomainBodyGyroscope.skewness.Z"
"460",460,NA,TRUE,NA,TRUE,TRUE,NA,NA,NA,"Z","kurtosis","kurtosis of the frequency domain signal ","fBodyGyro-kurtosis()-Z","FrequencyDomainBodyGyroscope.kurtosis.Z"
"461",461,NA,TRUE,NA,TRUE,TRUE,NA,NA,NA,"1,8","bandsEnergy","Energy of a frequency interval within the 64 bins of the FFT of each window.","fBodyGyro-bandsEnergy()-1,8","FrequencyDomainBodyGyroscope.bandsEnergy.1x8"
"462",462,NA,TRUE,NA,TRUE,TRUE,NA,NA,NA,"9,16","bandsEnergy","Energy of a frequency interval within the 64 bins of the FFT of each window.","fBodyGyro-bandsEnergy()-9,16","FrequencyDomainBodyGyroscope.bandsEnergy.9x16"
"463",463,NA,TRUE,NA,TRUE,TRUE,NA,NA,NA,"17,24","bandsEnergy","Energy of a frequency interval within the 64 bins of the FFT of each window.","fBodyGyro-bandsEnergy()-17,24","FrequencyDomainBodyGyroscope.bandsEnergy.17x24"
"464",464,NA,TRUE,NA,TRUE,TRUE,NA,NA,NA,"25,32","bandsEnergy","Energy of a frequency interval within the 64 bins of the FFT of each window.","fBodyGyro-bandsEnergy()-25,32","FrequencyDomainBodyGyroscope.bandsEnergy.25x32"
"465",465,NA,TRUE,NA,TRUE,TRUE,NA,NA,NA,"33,40","bandsEnergy","Energy of a frequency interval within the 64 bins of the FFT of each window.","fBodyGyro-bandsEnergy()-33,40","FrequencyDomainBodyGyroscope.bandsEnergy.33x40"
"466",466,NA,TRUE,NA,TRUE,TRUE,NA,NA,NA,"41,48","bandsEnergy","Energy of a frequency interval within the 64 bins of the FFT of each window.","fBodyGyro-bandsEnergy()-41,48","FrequencyDomainBodyGyroscope.bandsEnergy.41x48"
"467",467,NA,TRUE,NA,TRUE,TRUE,NA,NA,NA,"49,56","bandsEnergy","Energy of a frequency interval within the 64 bins of the FFT of each window.","fBodyGyro-bandsEnergy()-49,56","FrequencyDomainBodyGyroscope.bandsEnergy.49x56"
"468",468,NA,TRUE,NA,TRUE,TRUE,NA,NA,NA,"57,64","bandsEnergy","Energy of a frequency interval within the 64 bins of the FFT of each window.","fBodyGyro-bandsEnergy()-57,64","FrequencyDomainBodyGyroscope.bandsEnergy.57x64"
"469",469,NA,TRUE,NA,TRUE,TRUE,NA,NA,NA,"1,16","bandsEnergy","Energy of a frequency interval within the 64 bins of the FFT of each window.","fBodyGyro-bandsEnergy()-1,16","FrequencyDomainBodyGyroscope.bandsEnergy.1x16"
"470",470,NA,TRUE,NA,TRUE,TRUE,NA,NA,NA,"17,32","bandsEnergy","Energy of a frequency interval within the 64 bins of the FFT of each window.","fBodyGyro-bandsEnergy()-17,32","FrequencyDomainBodyGyroscope.bandsEnergy.17x32"
"471",471,NA,TRUE,NA,TRUE,TRUE,NA,NA,NA,"33,48","bandsEnergy","Energy of a frequency interval within the 64 bins of the FFT of each window.","fBodyGyro-bandsEnergy()-33,48","FrequencyDomainBodyGyroscope.bandsEnergy.33x48"
"472",472,NA,TRUE,NA,TRUE,TRUE,NA,NA,NA,"49,64","bandsEnergy","Energy of a frequency interval within the 64 bins of the FFT of each window.","fBodyGyro-bandsEnergy()-49,64","FrequencyDomainBodyGyroscope.bandsEnergy.49x64"
"473",473,NA,TRUE,NA,TRUE,TRUE,NA,NA,NA,"1,24","bandsEnergy","Energy of a frequency interval within the 64 bins of the FFT of each window.","fBodyGyro-bandsEnergy()-1,24","FrequencyDomainBodyGyroscope.bandsEnergy.1x24"
"474",474,NA,TRUE,NA,TRUE,TRUE,NA,NA,NA,"25,48","bandsEnergy","Energy of a frequency interval within the 64 bins of the FFT of each window.","fBodyGyro-bandsEnergy()-25,48","FrequencyDomainBodyGyroscope.bandsEnergy.25x48"
"475",475,NA,TRUE,NA,TRUE,TRUE,NA,NA,NA,"1,8","bandsEnergy","Energy of a frequency interval within the 64 bins of the FFT of each window.","fBodyGyro-bandsEnergy()-1,8","FrequencyDomainBodyGyroscope.bandsEnergy.1x8"
"476",476,NA,TRUE,NA,TRUE,TRUE,NA,NA,NA,"9,16","bandsEnergy","Energy of a frequency interval within the 64 bins of the FFT of each window.","fBodyGyro-bandsEnergy()-9,16","FrequencyDomainBodyGyroscope.bandsEnergy.9x16"
"477",477,NA,TRUE,NA,TRUE,TRUE,NA,NA,NA,"17,24","bandsEnergy","Energy of a frequency interval within the 64 bins of the FFT of each window.","fBodyGyro-bandsEnergy()-17,24","FrequencyDomainBodyGyroscope.bandsEnergy.17x24"
"478",478,NA,TRUE,NA,TRUE,TRUE,NA,NA,NA,"25,32","bandsEnergy","Energy of a frequency interval within the 64 bins of the FFT of each window.","fBodyGyro-bandsEnergy()-25,32","FrequencyDomainBodyGyroscope.bandsEnergy.25x32"
"479",479,NA,TRUE,NA,TRUE,TRUE,NA,NA,NA,"33,40","bandsEnergy","Energy of a frequency interval within the 64 bins of the FFT of each window.","fBodyGyro-bandsEnergy()-33,40","FrequencyDomainBodyGyroscope.bandsEnergy.33x40"
"480",480,NA,TRUE,NA,TRUE,TRUE,NA,NA,NA,"41,48","bandsEnergy","Energy of a frequency interval within the 64 bins of the FFT of each window.","fBodyGyro-bandsEnergy()-41,48","FrequencyDomainBodyGyroscope.bandsEnergy.41x48"
"481",481,NA,TRUE,NA,TRUE,TRUE,NA,NA,NA,"49,56","bandsEnergy","Energy of a frequency interval within the 64 bins of the FFT of each window.","fBodyGyro-bandsEnergy()-49,56","FrequencyDomainBodyGyroscope.bandsEnergy.49x56"
"482",482,NA,TRUE,NA,TRUE,TRUE,NA,NA,NA,"57,64","bandsEnergy","Energy of a frequency interval within the 64 bins of the FFT of each window.","fBodyGyro-bandsEnergy()-57,64","FrequencyDomainBodyGyroscope.bandsEnergy.57x64"
"483",483,NA,TRUE,NA,TRUE,TRUE,NA,NA,NA,"1,16","bandsEnergy","Energy of a frequency interval within the 64 bins of the FFT of each window.","fBodyGyro-bandsEnergy()-1,16","FrequencyDomainBodyGyroscope.bandsEnergy.1x16"
"484",484,NA,TRUE,NA,TRUE,TRUE,NA,NA,NA,"17,32","bandsEnergy","Energy of a frequency interval within the 64 bins of the FFT of each window.","fBodyGyro-bandsEnergy()-17,32","FrequencyDomainBodyGyroscope.bandsEnergy.17x32"
"485",485,NA,TRUE,NA,TRUE,TRUE,NA,NA,NA,"33,48","bandsEnergy","Energy of a frequency interval within the 64 bins of the FFT of each window.","fBodyGyro-bandsEnergy()-33,48","FrequencyDomainBodyGyroscope.bandsEnergy.33x48"
"486",486,NA,TRUE,NA,TRUE,TRUE,NA,NA,NA,"49,64","bandsEnergy","Energy of a frequency interval within the 64 bins of the FFT of each window.","fBodyGyro-bandsEnergy()-49,64","FrequencyDomainBodyGyroscope.bandsEnergy.49x64"
"487",487,NA,TRUE,NA,TRUE,TRUE,NA,NA,NA,"1,24","bandsEnergy","Energy of a frequency interval within the 64 bins of the FFT of each window.","fBodyGyro-bandsEnergy()-1,24","FrequencyDomainBodyGyroscope.bandsEnergy.1x24"
"488",488,NA,TRUE,NA,TRUE,TRUE,NA,NA,NA,"25,48","bandsEnergy","Energy of a frequency interval within the 64 bins of the FFT of each window.","fBodyGyro-bandsEnergy()-25,48","FrequencyDomainBodyGyroscope.bandsEnergy.25x48"
"489",489,NA,TRUE,NA,TRUE,TRUE,NA,NA,NA,"1,8","bandsEnergy","Energy of a frequency interval within the 64 bins of the FFT of each window.","fBodyGyro-bandsEnergy()-1,8","FrequencyDomainBodyGyroscope.bandsEnergy.1x8"
"490",490,NA,TRUE,NA,TRUE,TRUE,NA,NA,NA,"9,16","bandsEnergy","Energy of a frequency interval within the 64 bins of the FFT of each window.","fBodyGyro-bandsEnergy()-9,16","FrequencyDomainBodyGyroscope.bandsEnergy.9x16"
"491",491,NA,TRUE,NA,TRUE,TRUE,NA,NA,NA,"17,24","bandsEnergy","Energy of a frequency interval within the 64 bins of the FFT of each window.","fBodyGyro-bandsEnergy()-17,24","FrequencyDomainBodyGyroscope.bandsEnergy.17x24"
"492",492,NA,TRUE,NA,TRUE,TRUE,NA,NA,NA,"25,32","bandsEnergy","Energy of a frequency interval within the 64 bins of the FFT of each window.","fBodyGyro-bandsEnergy()-25,32","FrequencyDomainBodyGyroscope.bandsEnergy.25x32"
"493",493,NA,TRUE,NA,TRUE,TRUE,NA,NA,NA,"33,40","bandsEnergy","Energy of a frequency interval within the 64 bins of the FFT of each window.","fBodyGyro-bandsEnergy()-33,40","FrequencyDomainBodyGyroscope.bandsEnergy.33x40"
"494",494,NA,TRUE,NA,TRUE,TRUE,NA,NA,NA,"41,48","bandsEnergy","Energy of a frequency interval within the 64 bins of the FFT of each window.","fBodyGyro-bandsEnergy()-41,48","FrequencyDomainBodyGyroscope.bandsEnergy.41x48"
"495",495,NA,TRUE,NA,TRUE,TRUE,NA,NA,NA,"49,56","bandsEnergy","Energy of a frequency interval within the 64 bins of the FFT of each window.","fBodyGyro-bandsEnergy()-49,56","FrequencyDomainBodyGyroscope.bandsEnergy.49x56"
"496",496,NA,TRUE,NA,TRUE,TRUE,NA,NA,NA,"57,64","bandsEnergy","Energy of a frequency interval within the 64 bins of the FFT of each window.","fBodyGyro-bandsEnergy()-57,64","FrequencyDomainBodyGyroscope.bandsEnergy.57x64"
"497",497,NA,TRUE,NA,TRUE,TRUE,NA,NA,NA,"1,16","bandsEnergy","Energy of a frequency interval within the 64 bins of the FFT of each window.","fBodyGyro-bandsEnergy()-1,16","FrequencyDomainBodyGyroscope.bandsEnergy.1x16"
"498",498,NA,TRUE,NA,TRUE,TRUE,NA,NA,NA,"17,32","bandsEnergy","Energy of a frequency interval within the 64 bins of the FFT of each window.","fBodyGyro-bandsEnergy()-17,32","FrequencyDomainBodyGyroscope.bandsEnergy.17x32"
"499",499,NA,TRUE,NA,TRUE,TRUE,NA,NA,NA,"33,48","bandsEnergy","Energy of a frequency interval within the 64 bins of the FFT of each window.","fBodyGyro-bandsEnergy()-33,48","FrequencyDomainBodyGyroscope.bandsEnergy.33x48"
"500",500,NA,TRUE,NA,TRUE,TRUE,NA,NA,NA,"49,64","bandsEnergy","Energy of a frequency interval within the 64 bins of the FFT of each window.","fBodyGyro-bandsEnergy()-49,64","FrequencyDomainBodyGyroscope.bandsEnergy.49x64"
"501",501,NA,TRUE,NA,TRUE,TRUE,NA,NA,NA,"1,24","bandsEnergy","Energy of a frequency interval within the 64 bins of the FFT of each window.","fBodyGyro-bandsEnergy()-1,24","FrequencyDomainBodyGyroscope.bandsEnergy.1x24"
"502",502,NA,TRUE,NA,TRUE,TRUE,NA,NA,NA,"25,48","bandsEnergy","Energy of a frequency interval within the 64 bins of the FFT of each window.","fBodyGyro-bandsEnergy()-25,48","FrequencyDomainBodyGyroscope.bandsEnergy.25x48"
"503",503,NA,TRUE,TRUE,NA,TRUE,NA,NA,TRUE,NA,"mean","Mean value","fBodyAccMag-mean()","FrequencyDomainBodyAccelerationMagnitute.mean"
"504",504,NA,TRUE,TRUE,NA,TRUE,NA,NA,TRUE,NA,"std","Standard deviation","fBodyAccMag-std()","FrequencyDomainBodyAccelerationMagnitute.std"
"505",505,NA,TRUE,TRUE,NA,TRUE,NA,NA,TRUE,NA,"mad","Median absolute deviation ","fBodyAccMag-mad()","FrequencyDomainBodyAccelerationMagnitute.mad"
"506",506,NA,TRUE,TRUE,NA,TRUE,NA,NA,TRUE,NA,"max","Largest value in array","fBodyAccMag-max()","FrequencyDomainBodyAccelerationMagnitute.max"
"507",507,NA,TRUE,TRUE,NA,TRUE,NA,NA,TRUE,NA,"min","Smallest value in array","fBodyAccMag-min()","FrequencyDomainBodyAccelerationMagnitute.min"
"508",508,NA,TRUE,TRUE,NA,TRUE,NA,NA,TRUE,NA,"sma","Signal magnitude area","fBodyAccMag-sma()","FrequencyDomainBodyAccelerationMagnitute.sma"
"509",509,NA,TRUE,TRUE,NA,TRUE,NA,NA,TRUE,NA,NA,NA,"fBodyAccMag-energy()","FrequencyDomainBodyAccelerationMagnitute.energy"
"510",510,NA,TRUE,TRUE,NA,TRUE,NA,NA,TRUE,NA,"iqr","Interquartile range ","fBodyAccMag-iqr()","FrequencyDomainBodyAccelerationMagnitute.iqr"
"511",511,NA,TRUE,TRUE,NA,TRUE,NA,NA,TRUE,NA,"entropy","Signal entropy","fBodyAccMag-entropy()","FrequencyDomainBodyAccelerationMagnitute.entropy"
"512",512,NA,TRUE,TRUE,NA,TRUE,NA,NA,TRUE,NA,"max","Largest value in array","fBodyAccMag-maxInds","FrequencyDomainBodyAccelerationMagnitute.maxInds"
"513",513,NA,TRUE,TRUE,NA,TRUE,NA,NA,TRUE,NA,"meanFreq","Weighted average of the frequency components to obtain a mean frequency","fBodyAccMag-meanFreq()","FrequencyDomainBodyAccelerationMagnitute.meanFreq"
"514",514,NA,TRUE,TRUE,NA,TRUE,NA,NA,TRUE,NA,"skewness","skewness of the frequency domain signal ","fBodyAccMag-skewness()","FrequencyDomainBodyAccelerationMagnitute.skewness"
"515",515,NA,TRUE,TRUE,NA,TRUE,NA,NA,TRUE,NA,"kurtosis","kurtosis of the frequency domain signal ","fBodyAccMag-kurtosis()","FrequencyDomainBodyAccelerationMagnitute.kurtosis"
"516",516,NA,TRUE,TRUE,NA,TRUE,NA,TRUE,TRUE,NA,"mean","Mean value","fBodyBodyAccJerkMag-mean()","FrequencyDomainBodyAccelerationJerkMagnitute.mean"
"517",517,NA,TRUE,TRUE,NA,TRUE,NA,TRUE,TRUE,NA,"std","Standard deviation","fBodyBodyAccJerkMag-std()","FrequencyDomainBodyAccelerationJerkMagnitute.std"
"518",518,NA,TRUE,TRUE,NA,TRUE,NA,TRUE,TRUE,NA,"mad","Median absolute deviation ","fBodyBodyAccJerkMag-mad()","FrequencyDomainBodyAccelerationJerkMagnitute.mad"
"519",519,NA,TRUE,TRUE,NA,TRUE,NA,TRUE,TRUE,NA,"max","Largest value in array","fBodyBodyAccJerkMag-max()","FrequencyDomainBodyAccelerationJerkMagnitute.max"
"520",520,NA,TRUE,TRUE,NA,TRUE,NA,TRUE,TRUE,NA,"min","Smallest value in array","fBodyBodyAccJerkMag-min()","FrequencyDomainBodyAccelerationJerkMagnitute.min"
"521",521,NA,TRUE,TRUE,NA,TRUE,NA,TRUE,TRUE,NA,"sma","Signal magnitude area","fBodyBodyAccJerkMag-sma()","FrequencyDomainBodyAccelerationJerkMagnitute.sma"
"522",522,NA,TRUE,TRUE,NA,TRUE,NA,TRUE,TRUE,NA,NA,NA,"fBodyBodyAccJerkMag-energy()","FrequencyDomainBodyAccelerationJerkMagnitute.energy"
"523",523,NA,TRUE,TRUE,NA,TRUE,NA,TRUE,TRUE,NA,"iqr","Interquartile range ","fBodyBodyAccJerkMag-iqr()","FrequencyDomainBodyAccelerationJerkMagnitute.iqr"
"524",524,NA,TRUE,TRUE,NA,TRUE,NA,TRUE,TRUE,NA,"entropy","Signal entropy","fBodyBodyAccJerkMag-entropy()","FrequencyDomainBodyAccelerationJerkMagnitute.entropy"
"525",525,NA,TRUE,TRUE,NA,TRUE,NA,TRUE,TRUE,NA,"max","Largest value in array","fBodyBodyAccJerkMag-maxInds","FrequencyDomainBodyAccelerationJerkMagnitute.maxInds"
"526",526,NA,TRUE,TRUE,NA,TRUE,NA,TRUE,TRUE,NA,"meanFreq","Weighted average of the frequency components to obtain a mean frequency","fBodyBodyAccJerkMag-meanFreq()","FrequencyDomainBodyAccelerationJerkMagnitute.meanFreq"
"527",527,NA,TRUE,TRUE,NA,TRUE,NA,TRUE,TRUE,NA,"skewness","skewness of the frequency domain signal ","fBodyBodyAccJerkMag-skewness()","FrequencyDomainBodyAccelerationJerkMagnitute.skewness"
"528",528,NA,TRUE,TRUE,NA,TRUE,NA,TRUE,TRUE,NA,"kurtosis","kurtosis of the frequency domain signal ","fBodyBodyAccJerkMag-kurtosis()","FrequencyDomainBodyAccelerationJerkMagnitute.kurtosis"
"529",529,NA,TRUE,NA,TRUE,TRUE,NA,NA,TRUE,NA,"mean","Mean value","fBodyBodyGyroMag-mean()","FrequencyDomainBodyGyroscopeMagnitute.mean"
"530",530,NA,TRUE,NA,TRUE,TRUE,NA,NA,TRUE,NA,"std","Standard deviation","fBodyBodyGyroMag-std()","FrequencyDomainBodyGyroscopeMagnitute.std"
"531",531,NA,TRUE,NA,TRUE,TRUE,NA,NA,TRUE,NA,"mad","Median absolute deviation ","fBodyBodyGyroMag-mad()","FrequencyDomainBodyGyroscopeMagnitute.mad"
"532",532,NA,TRUE,NA,TRUE,TRUE,NA,NA,TRUE,NA,"max","Largest value in array","fBodyBodyGyroMag-max()","FrequencyDomainBodyGyroscopeMagnitute.max"
"533",533,NA,TRUE,NA,TRUE,TRUE,NA,NA,TRUE,NA,"min","Smallest value in array","fBodyBodyGyroMag-min()","FrequencyDomainBodyGyroscopeMagnitute.min"
"534",534,NA,TRUE,NA,TRUE,TRUE,NA,NA,TRUE,NA,"sma","Signal magnitude area","fBodyBodyGyroMag-sma()","FrequencyDomainBodyGyroscopeMagnitute.sma"
"535",535,NA,TRUE,NA,TRUE,TRUE,NA,NA,TRUE,NA,NA,NA,"fBodyBodyGyroMag-energy()","FrequencyDomainBodyGyroscopeMagnitute.energy"
"536",536,NA,TRUE,NA,TRUE,TRUE,NA,NA,TRUE,NA,"iqr","Interquartile range ","fBodyBodyGyroMag-iqr()","FrequencyDomainBodyGyroscopeMagnitute.iqr"
"537",537,NA,TRUE,NA,TRUE,TRUE,NA,NA,TRUE,NA,"entropy","Signal entropy","fBodyBodyGyroMag-entropy()","FrequencyDomainBodyGyroscopeMagnitute.entropy"
"538",538,NA,TRUE,NA,TRUE,TRUE,NA,NA,TRUE,NA,"max","Largest value in array","fBodyBodyGyroMag-maxInds","FrequencyDomainBodyGyroscopeMagnitute.maxInds"
"539",539,NA,TRUE,NA,TRUE,TRUE,NA,NA,TRUE,NA,"meanFreq","Weighted average of the frequency components to obtain a mean frequency","fBodyBodyGyroMag-meanFreq()","FrequencyDomainBodyGyroscopeMagnitute.meanFreq"
"540",540,NA,TRUE,NA,TRUE,TRUE,NA,NA,TRUE,NA,"skewness","skewness of the frequency domain signal ","fBodyBodyGyroMag-skewness()","FrequencyDomainBodyGyroscopeMagnitute.skewness"
"541",541,NA,TRUE,NA,TRUE,TRUE,NA,NA,TRUE,NA,"kurtosis","kurtosis of the frequency domain signal ","fBodyBodyGyroMag-kurtosis()","FrequencyDomainBodyGyroscopeMagnitute.kurtosis"
"542",542,NA,TRUE,NA,TRUE,TRUE,NA,TRUE,TRUE,NA,"mean","Mean value","fBodyBodyGyroJerkMag-mean()","FrequencyDomainBodyGyroscopeJerkMagnitute.mean"
"543",543,NA,TRUE,NA,TRUE,TRUE,NA,TRUE,TRUE,NA,"std","Standard deviation","fBodyBodyGyroJerkMag-std()","FrequencyDomainBodyGyroscopeJerkMagnitute.std"
"544",544,NA,TRUE,NA,TRUE,TRUE,NA,TRUE,TRUE,NA,"mad","Median absolute deviation ","fBodyBodyGyroJerkMag-mad()","FrequencyDomainBodyGyroscopeJerkMagnitute.mad"
"545",545,NA,TRUE,NA,TRUE,TRUE,NA,TRUE,TRUE,NA,"max","Largest value in array","fBodyBodyGyroJerkMag-max()","FrequencyDomainBodyGyroscopeJerkMagnitute.max"
"546",546,NA,TRUE,NA,TRUE,TRUE,NA,TRUE,TRUE,NA,"min","Smallest value in array","fBodyBodyGyroJerkMag-min()","FrequencyDomainBodyGyroscopeJerkMagnitute.min"
"547",547,NA,TRUE,NA,TRUE,TRUE,NA,TRUE,TRUE,NA,"sma","Signal magnitude area","fBodyBodyGyroJerkMag-sma()","FrequencyDomainBodyGyroscopeJerkMagnitute.sma"
"548",548,NA,TRUE,NA,TRUE,TRUE,NA,TRUE,TRUE,NA,NA,NA,"fBodyBodyGyroJerkMag-energy()","FrequencyDomainBodyGyroscopeJerkMagnitute.energy"
"549",549,NA,TRUE,NA,TRUE,TRUE,NA,TRUE,TRUE,NA,"iqr","Interquartile range ","fBodyBodyGyroJerkMag-iqr()","FrequencyDomainBodyGyroscopeJerkMagnitute.iqr"
"550",550,NA,TRUE,NA,TRUE,TRUE,NA,TRUE,TRUE,NA,"entropy","Signal entropy","fBodyBodyGyroJerkMag-entropy()","FrequencyDomainBodyGyroscopeJerkMagnitute.entropy"
"551",551,NA,TRUE,NA,TRUE,TRUE,NA,TRUE,TRUE,NA,"max","Largest value in array","fBodyBodyGyroJerkMag-maxInds","FrequencyDomainBodyGyroscopeJerkMagnitute.maxInds"
"552",552,NA,TRUE,NA,TRUE,TRUE,NA,TRUE,TRUE,NA,"meanFreq","Weighted average of the frequency components to obtain a mean frequency","fBodyBodyGyroJerkMag-meanFreq()","FrequencyDomainBodyGyroscopeJerkMagnitute.meanFreq"
"553",553,NA,TRUE,NA,TRUE,TRUE,NA,TRUE,TRUE,NA,"skewness","skewness of the frequency domain signal ","fBodyBodyGyroJerkMag-skewness()","FrequencyDomainBodyGyroscopeJerkMagnitute.skewness"
"554",554,NA,TRUE,NA,TRUE,TRUE,NA,TRUE,TRUE,NA,"kurtosis","kurtosis of the frequency domain signal ","fBodyBodyGyroJerkMag-kurtosis()","FrequencyDomainBodyGyroscopeJerkMagnitute.kurtosis"
"555",555,NA,NA,TRUE,NA,TRUE,NA,NA,NA,"tBodyAccMean,gravity","angle","Angle between to vectors.","angle(tBodyAccMean,gravity)","555 angle(tBodyAccelerationMeanxgravity)"
"556",556,NA,NA,TRUE,NA,TRUE,NA,TRUE,NA,"tBodyAccJerkMean,gravityMean","angle","Angle between to vectors.","angle(tBodyAccJerkMean),gravityMean)","556 angle(tBodyAccelerationJerkMean)xgravityMean)"
"557",557,NA,NA,NA,TRUE,TRUE,NA,NA,NA,"tBodyGyroMean,gravityMean","angle","Angle between to vectors.","angle(tBodyGyroMean,gravityMean)","557 angle(tBodyGyroscopeMeanxgravityMean)"
"558",558,NA,NA,NA,TRUE,TRUE,NA,TRUE,NA,"tBodyGyroJerkMean,gravityMean","angle","Angle between to vectors.","angle(tBodyGyroJerkMean,gravityMean)","558 angle(tBodyGyroscopeJerkMeanxgravityMean)"
"559",559,NA,NA,NA,NA,NA,NA,NA,NA,"X,gravityMean","angle","Angle between to vectors.","angle(X,gravityMean)","559 angle(XxgravityMean)"
"560",560,NA,NA,NA,NA,NA,NA,NA,NA,"Y,gravityMean","angle","Angle between to vectors.","angle(Y,gravityMean)","560 angle(YxgravityMean)"
"561",561,NA,NA,NA,NA,NA,NA,NA,NA,"Z,gravityMean","angle","Angle between to vectors.","angle(Z,gravityMean)","561 angle(ZxgravityMean)"
